Course Code,Section,Credits,Title,Professor,Days,Start Time,End Time,Begin Date,End Date,Location,Building,Room,Comment,SOPHIA,Via Viking,Signature,Foundational Area or Knowledge Area,Comp 1,Comp 2
ACCT 2080,A,3,Accounting Ethics,Jaekyo Seo,MWF,12:00 PM,12:50 PM,08/26/2026,12/11/2026,MAIN,MC,255,,E,,,,,
ACCT 2080,B,3,Accounting Ethics,Jaekyo Seo,MWF,1:00 PM,1:50 PM,08/26/2026,12/11/2026,MAIN,MC,255,,E,,,,,
ACCT 2080,C,3,Accounting Ethics,Jaekyo Seo,MWF,2:00 PM,2:50 PM,08/26/2026,12/11/2026,MAIN,MC,255,,E,,,,,
ACCT 2600,A,3,Understanding the Numbers,Emily Ann Breitling,MWF,1:00 PM,1:50 PM,08/26/2026,12/11/2026,MAIN,MC,101,,,,,,,
ACCT 2610,A,3,Principles of Accounting I,Emily Ann Breitling,MWF,11:00 AM,11:50 AM,08/26/2026,12/11/2026,MAIN,MC,101,,,,,,,
ACCT 2610,B,3,Principles of Accounting I,Angela Lynn Olson,MWF,12:00 PM,12:50 PM,08/26/2026,12/11/2026,MAIN,MC,201,,,,,,,
ACCT 2610,C,3,Principles of Accounting I,Emily Ann Breitling,MWF,2:00 PM,2:50 PM,08/26/2026,12/11/2026,MAIN,MC,101,,,,,,,
ACCT 2620,A,3,Principles of Accounting II,Laura Jane Hybertson,TR,12:15 PM,1:30 PM,08/26/2026,12/11/2026,MAIN,MC,101,,,,,,,
ACCT 2620,B,3,Principles of Accounting II,Laura Jane Hybertson,TR,1:40 PM,2:55 PM,08/26/2026,12/11/2026,MAIN,MC,101,,,,,,,
ACCT 3610,A,3,Intermediate Accounting I,Angela Lynn Olson,MWF,9:00 AM,9:50 AM,08/26/2026,12/11/2026,MAIN,MC,101,,,,,,,
ACCT 3610,B,3,Intermediate Accounting I,Angela Lynn Olson,MWF,11:00 AM,11:50 AM,08/26/2026,12/11/2026,MAIN,MC,102,,,,,,,
ACCT 4630,A,3,Income Tax,Laura Jane Hybertson,MWF,9:00 AM,9:50 AM,08/26/2026,12/11/2026,MAIN,MC,103,,,,,,,
ACCT 4950,A,4,Accounting Internship,Emily Ann Breitling,,12:00 AM,12:00 AM,08/26/2026,12/11/2026,MAIN,OFF,OFF,Internship,W,Signature,"Experiential Course, Upper-Level Writing",,,
ACCT 4960,A,4,Elective Accounting Internship,Emily Ann Breitling,,12:00 AM,12:00 AM,08/26/2026,12/11/2026,MAIN,OFF,OFF,Internship,,,,,,
ACCT 6620,A,3,Managerial Decision Making,Kory Holt,T,6:30 PM,9:30 PM,08/26/2026,12/11/2026,MAIN,MC,103,,,,,,,
ACCT 6630,A,3,Organizational Tax,Laura Jane Hybertson,TR,9:25 AM,10:40 AM,08/26/2026,12/11/2026,MAIN,MC,102,,,,,,,
ACCT 6950,A,4,Accounting Graduate Internship,,,,,,,,OFF,OFF,,,,,,,
AGES 1100,A,3,Aging and Society,Susan Claussen Bunger,MWF,11:00 AM,11:50 AM,08/26/2026,12/11/2026,MAIN,MC,257,,,,,,,
AMSL 1101,A,3,American Sign Language I,Aireyonah Eileen Crockett,MWF,8:00 AM,8:50 AM,08/26/2026,12/11/2026,MAIN,MC,202,,L1,,,,,
AMSL 1101,B,3,American Sign Language I,Aireyonah Eileen Crockett,MWF,9:00 AM,9:50 AM,08/26/2026,12/11/2026,MAIN,MC,202,,L1,,,,,
AMSL 1101,C,3,American Sign Language I,Aireyonah Eileen Crockett,MWF,12:00 PM,12:50 PM,08/26/2026,12/11/2026,MAIN,MC,202,,L1,,,,,
AMSL 1101,D,3,American Sign Language I,Aireyonah Eileen Crockett,MWF,1:00 PM,1:50 PM,08/26/2026,12/11/2026,MAIN,MC,202,,L1,,,,,
AMSL 1101,E,3,American Sign Language I,Mychal Joseph Hadrich,TR,12:15 PM,1:30 PM,08/26/2026,12/11/2026,MAIN,MC,202,,L1,,,,,
AMSL 1101,F,3,American Sign Language I,Angela Ellman,TR,1:40 PM,2:55 PM,08/26/2026,12/11/2026,MAIN,MC,202,,L1,,,,,
AMSL 1120,A,3,Foundations in Amer Deaf Culture,Angela Ellman,TR,10:50 AM,12:05 PM,08/26/2026,12/11/2026,MAIN,MC,202,,,,,,,
AMSL 2103,A,3,American Sign Language III,Angela Ellman,TR,9:25 AM,10:40 AM,08/26/2026,12/11/2026,MAIN,MC,202,,,,,,,
AMSL 3106,A,3,American Sign Language V,Angela Ellman,MW,10:40 AM,11:50 AM,08/26/2026,12/11/2026,MAIN,MC,202,,,,,,,
ANTH 1120,A,3,Intro to Anthropology,Kristen Carlson,TR,9:25 AM,10:40 AM,08/26/2026,12/11/2026,MAIN,HUM ,123,,PW,Selective,,Connecting Across Culture,Care for Community/World,Cross-Cultural Literacy
ANTH 1131,A,3,Plagues and People,Trent Michael Trombley,MWF,1:00 PM,1:50 PM,08/26/2026,12/11/2026,MAIN,HUM,331,,,Selective,,Reading the Human Record,Critical Reading,Cross-Cultural Literacy
ANTH 2320,A,3,Cultural Anthropology,Kristen Carlson,TR,12:15 PM,1:30 PM,08/26/2026,12/11/2026,MAIN,HUM,123,,PW,Selective,,Connecting Across Culture,Care for Community/World,Cross-Cultural Literacy
ANTH 2620,A,3,Introduction to Biological Anthropo,Trent Michael Trombley,MWF,9:00 AM,9:50 AM,08/26/2026,12/11/2026,MAIN,HUM,226,,SI,Selective,,Integrating Ideas,Civic Knowledge,Information Literacy
APBA 6210,A,3,Principles of Behavior Analysis,Noelle Balsamo,,12:00 AM,12:00 AM,08/26/2026,10/14/2026,MAIN,OFF,ONLN,,,,,,,
APBA 6220,A,3,Ethics for Behavior Analysts,Alexandra Saban,,12:00 AM,12:00 AM,10/22/2026,12/11/2026,MAIN,OFF,ONLN,,,,,,,
APBA 6240,A,3,Research Methods,Amanda G. Barton,,12:00 AM,12:00 AM,08/26/2026,10/14/2026,MAIN,OFF,ONLN,,,,,,,
APBA 6250,A,3,Functional Behavior Assessment,Noelle Balsamo,,12:00 AM,12:00 AM,10/22/2026,12/11/2026,MAIN,OFF,ONLN,,,,,,,
APBA 6260,A,3,Behavior-Change Fundamentals,Kathleen B Cook,,12:00 AM,12:00 AM,08/26/2026,10/14/2026,MAIN,OFF,ONLN,,,,,,,
APBA 6270,A,3,Organizational Behavior Mgmt,Jason E. Dybsetter,,12:00 AM,12:00 AM,10/22/2026,12/11/2026,MAIN,OFF,ONLN,,,,,,,
APBA 6941,A,1,Fieldwork Experience I,Noelle Balsamo,,12:00 AM,12:00 AM,08/26/2026,10/14/2026,MAIN,OFF,ONLN,,,,,,,
APBA 6941,B,1,Fieldwork Experience I,Noelle Balsamo,,12:00 AM,12:00 AM,08/26/2026,10/14/2026,MAIN,OFF,ONLN,,,,,,,
APBA 6942,A,1,Fieldwork Experience II,Noelle Balsamo,,12:00 AM,12:00 AM,10/22/2026,12/11/2026,MAIN,OFF,ONLN,,,,,,,
APBA 6942,B,1,Fieldwork Experience II,Noelle Balsamo,,12:00 AM,12:00 AM,10/22/2026,12/11/2026,MAIN,OFF,ONLN,,,,,,,
APBA 6944,A,1,Fieldwork Experience IV,Noelle Balsamo,,12:00 AM,12:00 AM,08/26/2026,10/14/2026,MAIN,OFF,ONLN,,,,,,,
APBA 6944,B,1,Fieldwork Experience IV,Noelle Balsamo,,12:00 AM,12:00 AM,08/26/2026,10/14/2026,MAIN,OFF,ONLN,,,,,,,
APBA 6945,A,1,Fieldwork Experience V,Noelle Balsamo,,12:00 AM,12:00 AM,10/22/2026,12/11/2026,MAIN,OFF,ONLN,,,,,,,
APBA 6945,B,1,Fieldwork Experience V,Noelle Balsamo,,12:00 AM,12:00 AM,10/22/2026,12/11/2026,MAIN,OFF,ONLN,,,,,,,
APBA 6946,A,1,Fieldwork Experience VI,Augustana Staff,,12:00 AM,12:00 AM,08/26/2026,10/14/2026,MAIN,OFF,ONLN,,,,,,,
APBA 6946,B,1,Fieldwork Experience VI,Augustana Staff,,12:00 AM,12:00 AM,08/26/2026,10/14/2026,MAIN,OFF,ONLN,,,,,,,
APBA 6947,A,1,Fieldwork Experience VII,Augustana Staff,,12:00 AM,12:00 AM,10/22/2026,12/11/2026,MAIN,OFF,ONLN,,,,,,,
APBA 6947,B,1,Fieldwork Experience VII,Augustana Staff,,12:00 AM,12:00 AM,10/22/2026,12/11/2026,MAIN,OFF,ONLN,,,,,,,
ARTH 2130,A,3,Art Since 1945,Lindsay Twa,MWF,9:00 AM,9:50 AM,08/26/2026,12/11/2026,MAIN,HUM,123,,"US, W",Selective,,Reading the Human Record,Critical Reading,Written Communication
ARTS 1100,A,3,Drawing I,Augustana Staff,TR,2:00 PM,4:50 PM,08/26/2026,12/11/2026,MAIN,CVA,183,,A,Selective,,Engaging the Arts,Creative Thinking,
ARTS 1200,A,3,Design I: Two-Dimensional,Izia Lindsay,MWF,1:00 PM,2:50 PM,08/26/2026,12/11/2026,MAIN,CVA,182,,A,Selective,,Engaging the Arts,Creative Thinking,
ARTS 1300,A,3,Ceramics I,Molly Uravitch,MW,11:00 AM,1:50 PM,08/26/2026,12/11/2026,MAIN,CVA,191,,A,Selective,,Engaging the Arts,Creative Thinking,
ARTS 1300,B,3,Ceramics I,Molly Uravitch,TR,11:00 AM,1:50 PM,08/26/2026,12/11/2026,MAIN,CVA,191,,A,Selective,,Engaging the Arts,Creative Thinking,
ARTS 1400,A,3,Painting I,Augustana Staff,TR,2:00 PM,4:50 PM,08/26/2026,12/11/2026,MAIN,CVA,184,,A,Selective,,Engaging the Arts,Creative Thinking,
ARTS 1500,A,3,Sculpture I,John Henry Peters,TR,8:00 AM,10:50 AM,08/26/2026,12/11/2026,MAIN,CVA,189,,A,Selective,,Engaging the Arts,Creative Thinking,
ARTS 1600,A,3,Printmaking I,Chad Geoffrey Nelson,TR,5:30 PM,8:20 PM,08/26/2026,12/11/2026,MAIN,CVA,185,,A,Selective,,Engaging the Arts,Creative Thinking,
ARTS 1700,A,3,Photography I,Anna E Reich,,12:00 AM,12:00 AM,08/26/2026,12/11/2026,MAIN,OFF,,,A,Selective,,Engaging the Arts,Creative Thinking,Digital Literacy
ARTS 1800,A,3,Graphic Design I,Izia Lindsay,MWF,11:00 AM,12:50 PM,08/26/2026,12/11/2026,MAIN,CVA,181,,A,Selective,,Engaging the Arts,Creative Thinking,
ARTS 2100,A,3,Drawing II: Intermediate,Augustana Staff,TR,11:00 AM,1:50 PM,08/26/2026,12/11/2026,MAIN,CVA,183,,,,,,,
ARTS 2300,A,3,Ceramics II: Intermediate,Molly Uravitch,MW,5:00 PM,7:50 PM,08/26/2026,12/11/2026,MAIN,CVA,191,,,,,,,
ARTS 2400,A,3,Painting II: Intermediate,Augustana Staff,TR,2:00 PM,4:50 PM,08/26/2026,12/11/2026,MAIN,CVA,184,,,,,,,
ARTS 2500,A,3,Sculpture II: Intermediate,John Henry Peters,TR,8:00 AM,10:50 AM,08/26/2026,12/11/2026,MAIN,CVA,189,,,,,,,
ARTS 2600,A,3,Printmaking II,Chad Geoffrey Nelson,TR,5:30 PM,8:20 PM,08/26/2026,12/11/2026,MAIN,CVA,185,,,,,,,
ARTS 2700,A,3,Photography II,Anna E Reich,T,9:00 AM,10:50 AM,08/26/2026,12/11/2026,MAIN,OFF,,,,,,,,
ARTS 2800,A,3,Graphic Design II,Izia Lindsay,TR,11:00 AM,1:50 PM,08/26/2026,12/11/2026,MAIN,CVA,181,,,,,,,
ARTS 3100,A,3,Drawing III: Advanced,Augustana Staff,TR,11:00 AM,1:50 PM,08/26/2026,12/11/2026,MAIN,CVA,183,,,,,,,
ARTS 3150,A,3,Drawing IV: Adv Individual Study,Augustana Staff,TR,11:00 AM,1:50 PM,08/26/2026,12/11/2026,MAIN,CVA,183,,,,,,,
ARTS 3300,A,3,Ceramics III,Molly Uravitch,MW,5:00 PM,7:50 PM,08/26/2026,12/11/2026,MAIN,CVA,191,,,,,,,
ARTS 3350,A,3,Ceramics IV,Molly Uravitch,MW,5:00 PM,7:50 PM,08/26/2026,12/11/2026,MAIN,CVA,191,,,,,,,
ARTS 3400,A,3,Painting III: Advanced,Augustana Staff,TR,2:00 PM,4:50 PM,08/26/2026,12/11/2026,MAIN,CVA,184,,,,,,,
ARTS 3450,A,3,Painting IV: Adv Individ Study,Augustana Staff,TR,2:00 PM,4:50 PM,08/26/2026,12/11/2026,MAIN,CVA,184,,,,,,,
ARTS 3500,A,3,Sculpture III: Advanced,John Henry Peters,TR,8:00 AM,10:50 AM,08/26/2026,12/11/2026,MAIN,CVA,189,,,,,,,
ARTS 3550,A,3,Sculpture IV: Adv Individ Study,John Henry Peters,TR,8:00 AM,8:50 AM,08/26/2026,12/11/2026,MAIN,CVA,189,,,,,,,
ARTS 3600,A,3,Printmaking III,Chad Geoffrey Nelson,TR,5:30 PM,8:20 PM,08/26/2026,12/11/2026,MAIN,CVA,185,,,,,,,
ARTS 3650,A,3,Printmaking IV,Chad Geoffrey Nelson,TR,5:30 PM,8:20 PM,08/26/2026,12/11/2026,MAIN,CVA,185,,,,,,,
ARTS 3700,A,3,Photography III,Anna E Reich,T,9:00 AM,10:50 AM,08/26/2026,12/11/2026,MAIN,OFF,,,,,,,,
ARTS 3750,A,3,Photography IV,Anna E Reich,T,9:00 AM,10:50 AM,08/26/2026,12/11/2026,MAIN,OFF,,,,,,,,
ARTS 3800,A,3,Graphic Design III,Izia Lindsay,TR,11:00 AM,1:50 PM,08/26/2026,12/11/2026,MAIN,CVA,181,,,,,,,
ARTS 3850,A,3,Graphic Design IV,Izia Lindsay,TR,11:00 AM,1:50 PM,08/26/2026,12/11/2026,MAIN,CVA,181,,,,,,,
ARTS 4100,A,3,Drawing V: Adv Individual Study,Augustana Staff,TR,11:00 AM,1:50 PM,08/26/2026,12/11/2026,MAIN,CVA,183,,,,,,,
ARTS 4150,A,3,Drawing VI: Adv Individual Study,Augustana Staff,TR,11:00 AM,1:50 PM,08/26/2026,12/11/2026,MAIN,CVA,183,,,,,,,
ARTS 4300,A,3,Ceramics V,Molly Uravitch,MW,5:00 PM,7:50 PM,08/26/2026,12/11/2026,MAIN,CVA,191,,,,,,,
ARTS 4350,A,3,Ceramics VI,Molly Uravitch,MW,5:00 PM,7:50 PM,08/26/2026,12/11/2026,MAIN,CVA,191,,,,,,,
ARTS 4400,A,3,Painting V,Augustana Staff,TR,2:00 PM,4:50 PM,08/26/2026,12/11/2026,MAIN,CVA,184,,,,,,,
ARTS 4450,A,3,Painting VI,Augustana Staff,TR,2:00 PM,4:50 PM,08/26/2026,12/11/2026,MAIN,CVA,184,,,,,,,
ARTS 4500,A,3,Sculpture V,John Henry Peters,TR,8:00 AM,10:50 AM,08/26/2026,12/11/2026,MAIN,CVA,189,,,,,,,
ARTS 4550,A,3,Sculpture VI,John Henry Peters,TR,8:00 AM,10:50 AM,08/26/2026,12/11/2026,MAIN,CVA,189,,,,,,,
ARTS 4600,A,3,Printmaking V,Chad Geoffrey Nelson,TR,5:30 PM,8:20 PM,08/26/2026,12/11/2026,MAIN,CVA,185,,,,,,,
ARTS 4650,A,3,Printmaking VI,Chad Geoffrey Nelson,TR,5:30 PM,8:20 PM,08/26/2026,12/11/2026,MAIN,CVA,185,,,,,,,
ARTS 4700,A,3,Photography V,Anna E Reich,T,9:00 AM,10:50 AM,08/26/2026,12/11/2026,MAIN,OFF,,,,,,,,
ARTS 4750,A,3,Photobook,Anna E Reich,T,9:00 AM,10:50 AM,08/26/2026,12/11/2026,MAIN,OFF,,,,,,,,
ARTS 4800,A,3,Graphic Design V,Izia Lindsay,TR,11:00 AM,1:50 PM,08/26/2026,12/11/2026,MAIN,CVA,181,,,,,,,
ARTS 4850,A,3,Graphic Design VI,Izia Lindsay,TR,11:00 AM,1:50 PM,08/26/2026,12/11/2026,MAIN,CVA,181,,,,,,,
ARTS 4900,A,1,Senior Seminar,Lindsay Twa,R,7:00 PM,7:50 PM,08/26/2026,12/11/2026,MAIN,HUM,123,,,Signature,Experiential Course,,,
ARTS 4901,A,2,BFA Senior Sem: Art Professions,Lindsay Twa,R,7:00 PM,8:50 PM,08/26/2026,12/11/2026,MAIN,HUM,123,,,Signature,Experiential Course,,,
ATHT 5000,A,2,Fundamentals of AT,James R Day,,12:00 AM,12:00 AM,08/26/2026,12/11/2026,MAIN,OFF,,,,,,,,
ATHT 5001,A,1,Fundamentals of AT Lab I,Jamie S Schoenherr,TR,12:15 PM,2:15 PM,08/26/2026,10/09/2026,MAIN,UWC,205,,,,,,,
ATHT 5101,A,1,Fundamentals of AT Lab II,Jamie S Schoenherr,TF,12:15 PM,2:15 PM,10/15/2026,12/11/2026,MAIN,UWC,205,,,,,,,
ATHT 5175,A,2,Clinical Education I,James R Day,,12:00 AM,12:00 AM,08/26/2026,12/11/2026,MAIN,OFF,,,,,,,,
ATHT 5520,A,4,Pathology Eval & Care I,Missy Ann Fraser,MW,7:30 AM,9:50 AM,08/26/2026,12/11/2026,MAIN,UWC,205,,,,,,,
ATHT 5521,A,1,Pathology Eval & Care Lab I,Missy Ann Fraser,TR,8:00 AM,10:00 AM,08/26/2026,10/09/2026,MAIN,UWC,205,,,,,,,
ATHT 5575,A,1,Clincal Edu (Equip Intensive),James R Day,,12:00 AM,12:00 AM,08/26/2026,12/11/2026,MAIN,OFF,,,,,,,,
ATHT 5621,A,1,Pathology Eval & Care Lab II,Missy Ann Fraser,TR,8:00 AM,10:00 AM,10/15/2026,12/11/2026,MAIN,UWC,205,,,,,,,
ATHT 5675,A,2,Clinical Education III,James R Day,,12:00 AM,12:00 AM,08/26/2026,12/11/2026,MAIN,OFF,,,,,,,,
ATHT 5676,A,4,Combined Clinical Education I,James R Day,,12:00 AM,12:00 AM,08/26/2026,12/11/2026,MAIN,OFF,,,,,,,,
ATHT 6064,A,2,Professional Practices I,Jamie S Schoenherr,,12:00 AM,12:00 AM,08/26/2026,10/09/2026,MAIN,OFF,,,,,,,,
ATHT 6150,A,2,Hlth Advoc & Admin Prac,James R Day,,12:00 AM,12:00 AM,10/15/2026,12/11/2026,MAIN,OFF,,,,,,,,
ATHT 6164,A,2,Professional Practices II,Jamie S Schoenherr,,12:00 AM,12:00 AM,10/15/2026,12/11/2026,MAIN,OFF,,,,,,,,
ATHT 6175,A,9,Clinical Mentorship I,James R Day,,12:00 AM,12:00 AM,08/26/2026,12/11/2026,MAIN,OFF,,,,,,,,
ATHT 6475,A,3,Clinical Immersion,James R Day,,12:00 AM,12:00 AM,08/26/2026,12/11/2026,MAIN,OFF,,,,,,,,
AUAC 0350,A,3,Transition to Independent Living,Catherine Kay Davis,TR,10:50 AM,12:05 PM,08/26/2026,12/11/2026,MAIN,MC,220,,,,,,,
AUAC 0650,A,3,Employment Seminar I,Mali Teller,TR,9:25 AM,10:40 AM,08/26/2026,12/11/2026,MAIN,MC,220,,,,,,,
AUAC 0700,A,3,Skills for Social Settings,Lindsey Wyatt,TR,1:40 PM,2:55 PM,08/26/2026,12/11/2026,MAIN,MC,220,,,,,,,
BIOL 1000,A1,4,Biology and Human Concerns Lecture,Sally Mallowa,MWF,2:00 PM,2:50 PM,08/26/2026,12/11/2026,MAIN,FSC,113A,,NS,Selective,,The Natural World,Analytical Reasoning,Information Literacy
BIOL 1000,A1,4,Biology and Human Concerns Lecture,Sally Mallowa,R,1:00 PM,2:50 PM,08/26/2026,12/11/2026,MAIN,FSC,211,,NS,Selective,,The Natural World,Analytical Reasoning,Information Literacy
BIOL 1000,B1,4,Biology and Human Concerns Lecture,Sally Mallowa,MWF,2:00 PM,2:50 PM,08/26/2026,12/11/2026,MAIN,FSC,113A,,NS,Selective,,The Natural World,Analytical Reasoning,Information Literacy
BIOL 1000,B1,4,Biology and Human Concerns Lecture,Sally Mallowa,R,3:10 PM,5:00 PM,08/26/2026,12/11/2026,MAIN,FSC,211,,NS,Selective,,The Natural World,Analytical Reasoning,Information Literacy
BIOL 1022,A,4,Human Anatomy Lecture & Lab,Kevin Natukunda,MWF,9:00 AM,9:50 AM,08/26/2026,12/11/2026,MAIN,FSC,114,1023 too,,,,,,
BIOL 1023,A,0,Human Anatomy Lab,Kevin Natukunda,T,8:00 AM,9:50 AM,08/26/2026,12/11/2026,MAIN,FSC,216,1022 too,,,,,,
BIOL 1023,B,0,Human Anatomy Lab,Kevin Natukunda,T,10:00 AM,11:50 AM,08/26/2026,12/11/2026,MAIN,FSC,216,1022 too,,,,,,
BIOL 1100,A1,4,Biological Principles I,Joel Nelson,MWF,8:00 AM,8:50 AM,08/26/2026,12/11/2026,MAIN,FSC,114,,NS,Selective,,The Natural World,Analytical Reasoning,Information Literacy
BIOL 1100,A1,4,Biological Principles I,Joel Nelson,T,3:10 PM,5:00 PM,08/26/2026,12/11/2026,MAIN,FSC,211,,NS,Selective,,The Natural World,Analytical Reasoning,Information Literacy
BIOL 1100,A2,4,Biological Principles I,Joel Nelson,MWF,8:00 AM,8:50 AM,08/26/2026,12/11/2026,MAIN,FSC,114,,NS,Selective,,The Natural World,Analytical Reasoning,Information Literacy
BIOL 1100,A2,4,Biological Principles I,Joel Nelson,R,8:00 AM,9:50 AM,08/26/2026,12/11/2026,MAIN,FSC,212,,NS,Selective,,The Natural World,Analytical Reasoning,Information Literacy
BIOL 1100,B1,4,Biological Principles I,Paul Egland,MWF,9:00 AM,9:50 AM,08/26/2026,12/11/2026,MAIN,FSC,,,NS,Selective,,The Natural World,Analytical Reasoning,Information Literacy
BIOL 1100,B1,4,Biological Principles I,Stephanie A Bruggeman,T,3:10 PM,5:00 PM,08/26/2026,12/11/2026,MAIN,FSC,212,,NS,Selective,,The Natural World,Analytical Reasoning,Information Literacy
BIOL 1100,B2,4,Biological Principles I,Paul Egland,MWF,9:00 AM,9:50 AM,08/26/2026,12/11/2026,MAIN,FSC,,,NS,Selective,,The Natural World,Analytical Reasoning,Information Literacy
BIOL 1100,B2,4,Biological Principles I,Joel Nelson,R,8:00 AM,9:50 AM,08/26/2026,12/11/2026,MAIN,FSC,212,,NS,Selective,,The Natural World,Analytical Reasoning,Information Literacy
BIOL 1100,C1,4,Biological Principles I,Rosanna Beraldi,MWF,12:00 PM,12:50 PM,08/26/2026,12/11/2026,MAIN,FSC,,,NS,Selective,,The Natural World,Analytical Reasoning,Information Literacy
BIOL 1100,C1,4,Biological Principles I,Rosanna Beraldi,T,10:15 AM,12:05 PM,08/26/2026,12/11/2026,MAIN,FSC,211,,NS,Selective,,The Natural World,Analytical Reasoning,Information Literacy
BIOL 1100,C2,4,Biological Principles I,Rosanna Beraldi,MWF,12:00 PM,12:50 PM,08/26/2026,12/11/2026,MAIN,FSC,,,NS,Selective,,The Natural World,Analytical Reasoning,Information Literacy
BIOL 1100,C2,4,Biological Principles I,Stephanie A Bruggeman,T,1:00 PM,2:50 PM,08/26/2026,12/11/2026,MAIN,FSC,212,,NS,Selective,,The Natural World,Analytical Reasoning,Information Literacy
BIOL 1100,D1,4,Biological Principles I,Sally Mallowa,MWF,12:00 PM,12:50 PM,08/26/2026,12/11/2026,MAIN,FSC,113A,,NS,Selective,,The Natural World,Analytical Reasoning,Information Literacy
BIOL 1100,D1,4,Biological Principles I,Sally Mallowa,R,10:15 AM,12:05 PM,08/26/2026,12/11/2026,MAIN,FSC,212,,NS,Selective,,The Natural World,Analytical Reasoning,Information Literacy
BIOL 1100,D2,4,Biological Principles I,Sally Mallowa,MWF,12:00 PM,12:50 PM,08/26/2026,12/11/2026,MAIN,FSC,113A,,NS,Selective,,The Natural World,Analytical Reasoning,Information Literacy
BIOL 1100,D2,4,Biological Principles I,Stephanie A Bruggeman,T,1:00 PM,2:50 PM,08/26/2026,12/11/2026,MAIN,FSC,212,,NS,Selective,,The Natural World,Analytical Reasoning,Information Literacy
BIOL 1100,E1,4,Biological Principles I,Amy R. Lewis,MWF,1:00 PM,1:50 PM,08/26/2026,12/11/2026,MAIN,FSC,374,,NS,Selective,,The Natural World,Analytical Reasoning,Information Literacy
BIOL 1100,E1,4,Biological Principles I,Amy R. Lewis,T,8:00 AM,9:50 AM,08/26/2026,12/11/2026,MAIN,FSC,211,,NS,Selective,,The Natural World,Analytical Reasoning,Information Literacy
BIOL 1100,E2,4,Biological Principles I,Amy R. Lewis,MWF,1:00 PM,1:50 PM,08/26/2026,12/11/2026,MAIN,FSC,374,,NS,Selective,,The Natural World,Analytical Reasoning,Information Literacy
BIOL 1100,E2,4,Biological Principles I,Amy R. Lewis,T,1:00 PM,2:50 PM,08/26/2026,12/11/2026,MAIN,FSC,211,,NS,Selective,,The Natural World,Analytical Reasoning,Information Literacy
BIOL 1100,F1,4,Biological Principles I,Alexander D Kloth,MWF,2:00 PM,2:50 PM,08/26/2026,12/11/2026,MAIN,FSC,374,,NS,Selective,,The Natural World,Analytical Reasoning,Information Literacy
BIOL 1100,F1,4,Biological Principles I,Stephanie A Bruggeman,T,10:15 AM,12:05 PM,08/26/2026,12/11/2026,MAIN,FSC,212,,NS,Selective,,The Natural World,Analytical Reasoning,Information Literacy
BIOL 1100,F2,4,Biological Principles I,Alexander D Kloth,MWF,2:00 PM,2:50 PM,08/26/2026,12/11/2026,MAIN,FSC,374,,NS,Selective,,The Natural World,Analytical Reasoning,Information Literacy
BIOL 1100,F2,4,Biological Principles I,Amy R. Lewis,T,1:00 PM,2:50 PM,08/26/2026,12/11/2026,MAIN,FSC,211,,NS,Selective,,The Natural World,Analytical Reasoning,Information Literacy
BIOL 1100,G1,4,Biological Principles I,Diane Roeder,TR,10:50 AM,12:05 PM,08/26/2026,12/11/2026,MAIN,FSC,114,,NS,Selective,,The Natural World,Analytical Reasoning,Information Literacy
BIOL 1100,G1,4,Biological Principles I,Diane Roeder,R,1:00 PM,2:50 PM,08/26/2026,12/11/2026,MAIN,FSC,212,,NS,Selective,,The Natural World,Analytical Reasoning,Information Literacy
BIOL 1100,G2,4,Biological Principles I,Diane Roeder,TR,10:50 AM,12:05 PM,08/26/2026,12/11/2026,MAIN,FSC,114,,NS,Selective,,The Natural World,Analytical Reasoning,Information Literacy
BIOL 1100,G2,4,Biological Principles I,Stephanie A Bruggeman,R,3:10 PM,5:00 PM,08/26/2026,12/11/2026,MAIN,FSC,212,,NS,Selective,,The Natural World,Analytical Reasoning,Information Literacy
BIOL 1102,A,4,Biological Principles II,Steven Matzner,MWF,1:00 PM,1:50 PM,08/26/2026,12/11/2026,MAIN,FSC,113A,,,,,,,
BIOL 1103,A,0,Biological Principles II Lab,Steven Matzner,R,8:30 AM,11:20 AM,08/26/2026,12/11/2026,MAIN,FSC,211,,,,,,,
BIOL 2020,A,4,Human Physiology,Lisa Baye / Demetra Kelenis,MWF,11:00 AM,11:50 AM,08/26/2026,12/11/2026,MAIN,FSC,114,2021 too,,,,,,
BIOL 2020,B,4,Human Physiology,Lisa Baye / Demetra Kelenis,MWF,2:00 PM,2:50 PM,08/26/2026,12/11/2026,MAIN,FSC,113B,2021 too,,,,,,
BIOL 2021,A,0,Human Physiology Laboratory,Rosanna Beraldi,R,8:00 AM,9:50 AM,08/26/2026,12/11/2026,MAIN,FSC,118,2020 too,,,,,,
BIOL 2021,B,0,Human Physiology Laboratory,Rosanna Beraldi,R,10:00 AM,11:50 AM,08/26/2026,12/11/2026,MAIN,FSC,118,2020 too,,,,,,
BIOL 2021,C,0,Human Physiology Laboratory,Rosanna Beraldi,R,12:00 PM,1:50 PM,08/26/2026,12/11/2026,MAIN,FSC,118,2020 too,,,,,,
BIOL 2021,D,0,Human Physiology Laboratory,Demetra Kelenis,R,2:00 PM,3:50 PM,08/26/2026,12/11/2026,MAIN,FSC,118,2020 too,,,,,,
BIOL 2021,E,0,Human Physiology Laboratory,Demetra Kelenis,R,4:00 PM,5:50 PM,08/26/2026,12/11/2026,MAIN,FSC,118,2020 too,,,,,,
BIOL 2400,A,4,Intro to Genetics & Cell Biology Le,Martha Ibore Natukunda,MWF,9:00 AM,9:50 AM,08/26/2026,12/11/2026,MAIN,FSC,113A,2401 too,,,,,,
BIOL 2400,B,4,Intro to Genetics & Cell Biology Le,Mark K. Larson,MWF,12:00 PM,12:50 PM,08/26/2026,12/11/2026,MAIN,FSC,114,2401 too,,,,,,
BIOL 2401,A,0,Intro Genetics/Cell Biology Lab,Martha Ibore Natukunda,T,7:55 AM,10:45 AM,08/26/2026,12/11/2026,MAIN,FSC,253,2400 too,,,,,,
BIOL 2401,B,0,Intro Genetics/Cell Biology Lab,Martha Ibore Natukunda,T,12:10 PM,3:00 PM,08/26/2026,12/11/2026,MAIN,FSC,253,2400 too,,,,,,
BIOL 2401,C,0,Intro Genetics/Cell Biology Lab,Martha Ibore Natukunda,R,7:55 AM,10:45 AM,08/26/2026,12/11/2026,MAIN,FSC,253,2400 too,,,,,,
BIOL 2401,D,0,Intro Genetics/Cell Biology Lab,Lisa Mary Baye,R,11:00 AM,1:50 PM,08/26/2026,12/11/2026,MAIN,FSC,253,2400 too,,,,,,
BIOL 2401,E,0,Intro Genetics/Cell Biology Lab,Mark K. Larson,R,2:00 PM,4:50 PM,08/26/2026,12/11/2026,MAIN,FSC,253,2400 too,,,,,,
BIOL 3300,A,4,Principles of Ecology Lecture & Lab,Amy R. Lewis,MWF,9:00 AM,9:50 AM,08/26/2026,12/11/2026,MAIN,FSC,116,,SI,,,,,
BIOL 3300,A,4,Principles of Ecology Lecture & Lab,Amy R. Lewis,R,12:10 PM,3:00 PM,08/26/2026,12/11/2026,MAIN,FSC,119,,SI,,,,,
BIOL 3302,A,4,Terrestrial Plant Ecology Lecture &,Steven Matzner,MWF,8:00 AM,8:50 AM,08/26/2026,12/11/2026,MAIN,FSC,215,,"SI, W",Signature,Upper-Level Writing,,,
BIOL 3302,A,4,Terrestrial Plant Ecology Lecture &,Steven Matzner,T,12:10 PM,3:00 PM,08/26/2026,12/11/2026,MAIN,FSC,215,,"SI, W",Signature,Upper-Level Writing,,,
BIOL 3430,A,4,General Microbiology Lecture & Lab,Paul Egland,MWF,1:00 PM,1:50 PM,08/26/2026,12/11/2026,MAIN,FSC,114,,,,,,,
BIOL 3430,A,4,General Microbiology Lecture & Lab,Paul Egland,R,7:55 AM,10:45 AM,08/26/2026,12/11/2026,MAIN,FSC,255,,,,,,,
BIOL 3430,B,4,General Microbiology Lecture & Lab,Paul Egland,MWF,1:00 PM,1:50 PM,08/26/2026,12/11/2026,MAIN,FSC,114,,,,,,,
BIOL 3430,B,4,General Microbiology Lecture & Lab,Paul Egland,R,12:10 PM,3:00 PM,08/26/2026,12/11/2026,MAIN,FSC,255,,,,,,,
BIOL 3610,A,4,Biological Chemistry,Mark K. Larson,MWF,2:00 PM,2:50 PM,08/26/2026,12/11/2026,MAIN,FSC,376,,W,Signature,Upper-Level Writing,,,
BIOL 3610,A,4,Biological Chemistry,Mark K. Larson,T,7:55 AM,10:45 AM,08/26/2026,12/11/2026,MAIN,FSC,251,,W,Signature,Upper-Level Writing,,,
BIOL 3610,B,4,Biological Chemistry,Mark K. Larson,MWF,2:00 PM,2:50 PM,08/26/2026,12/11/2026,MAIN,FSC,376,,W,Signature,Upper-Level Writing,,,
BIOL 3610,B,4,Biological Chemistry,Joel Nelson,T,12:10 PM,3:00 PM,08/26/2026,12/11/2026,MAIN,FSC,251,,W,Signature,Upper-Level Writing,,,
BIOL 3632,A,4,Biostats & Experiment Design,Diane Roeder,MWF,10:40 AM,11:50 AM,08/26/2026,12/11/2026,MAIN,FSC,214,,"E, W",Signature,Upper-Level Writing,,,
BIOL 3632,A,4,Biostats & Experiment Design,Diane Roeder,,12:00 AM,12:00 AM,08/26/2026,12/11/2026,MAIN,OFF,,,"E, W",Signature,Upper-Level Writing,,,
BIOL 3650,A,4,Neurobiology,Alexander D Kloth,MWF,12:00 PM,12:50 PM,08/26/2026,12/11/2026,MAIN,FSC,372,,,,,,,
BIOL 3650,A,4,Neurobiology,Alexander D Kloth,T,7:55 AM,10:45 AM,08/26/2026,12/11/2026,MAIN,FSC,118,,,,,,,
BIOL 3920,A,4,Directed Research,Augustana Staff,,12:00 AM,12:00 AM,08/26/2026,12/11/2026,MAIN,OFF,,,,Signature,Experiential Course,,,
BIOL 3950,A,4,Internship,Augustana Staff,,12:00 AM,12:00 AM,08/26/2026,12/11/2026,MAIN,OFF,,,,Signature,Experiential Course,,,
BIOL 3970,A,4,TOPICS: Advanced Human Anatomy,Kevin Natukunda,MWF,8:00 AM,8:50 AM,08/26/2026,12/11/2026,MAIN,FSC,214,,,,,,,
BIOL 3970,A,4,TOPICS: Advanced Human Anatomy,Kevin Natukunda,R,7:55 AM,10:45 AM,08/26/2026,12/11/2026,MAIN,FSC,216,,,,,,,
BREW 1100,A,3,"Beer, Brie, and Bread",Stephanie A Bruggeman,TR,8:00 AM,9:15 AM,08/26/2026,12/11/2026,MAIN,FSC,215,,SI,Selective,,Integrating Ideas,Care for Community/World,Creative Thinking
BREW 1970,A,3,TOPICS: The History of Beer,Adam Christopher Bockelman,R,6:30 PM,9:30 PM,08/26/2026,12/11/2026,MAIN,FSC,214,,,,,,,
BREW 4950,A,3,Internship,Augustana Staff,,12:00 AM,12:00 AM,08/26/2026,12/11/2026,MAIN,OFF,OFF,Internship,,Signature,Experiential Course,,,
BUSI 1000,A,3,Introduction to Business,Augustana Staff,MWF,8:00 AM,8:50 AM,08/26/2026,12/11/2026,MAIN,MC,103,,,,,,,
BUSI 1000,B,3,Introduction to Business,Scott James Schmidt,MWF,9:00 AM,9:50 AM,08/26/2026,12/11/2026,MAIN,MC ,201,,,,,,,
BUSI 1000,C,3,Introduction to Business,Zahidul Karim,MWF,12:00 PM,12:50 PM,08/26/2026,12/11/2026,MAIN,MC ,103,,,,,,,
BUSI 1000,D,3,Introduction to Business,Augustana Staff,TR,1:40 PM,2:55 PM,08/26/2026,12/11/2026,MAIN,MC,255,,,,,,,
BUSI 1010,A,3,Innovation and Entrepreneurship,Matthew Willard,TR,12:15 PM,1:30 PM,08/26/2026,12/11/2026,MAIN,WGNR,138,,,,,,,
BUSI 1130,A,3,Business Communications,Zahidul Karim,TR,9:25 AM,10:40 AM,08/26/2026,12/11/2026,MAIN,MC,103,,,,,,,
BUSI 1130,B,3,Business Communications,Augustana Staff,TR,10:50 AM,12:05 PM,08/26/2026,12/11/2026,MAIN,MC,103,,,,,,,
BUSI 1130,C,3,Business Communications,Zahidul Karim,TR,12:15 PM,1:30 PM,08/26/2026,12/11/2026,MAIN,MC,103,,,,,,,
BUSI 2030,A,3,Organizational Behavior,Diogo A Seixas,R,6:30 PM,9:30 PM,08/26/2026,10/09/2026,MAIN,MC,103,,,Selective,,Human Beh & Soc Systems,Analytical Reasoning,Informed Engagement
BUSI 2080,A,3,Business Ethics,Jaekyo Seo,MWF,12:00 PM,12:50 PM,08/26/2026,12/11/2026,MAIN,MC,255,,E,Selective,,Human Beh & Soc Systems,Ethical Reasoning,
BUSI 2080,B,3,Business Ethics,Jaekyo Seo,MWF,1:00 PM,1:50 PM,08/26/2026,12/11/2026,MAIN,MC,255,,E,Selective,,Human Beh & Soc Systems,Ethical Reasoning,
BUSI 2080,C,3,Business Ethics,Jaekyo Seo,MWF,2:00 PM,2:50 PM,08/26/2026,12/11/2026,MAIN,MC,255,,E,Selective,,Human Beh & Soc Systems,Ethical Reasoning,
BUSI 3040,A,3,Business Law I,Gregg S. Greenfield,TR,8:00 AM,9:15 AM,08/26/2026,12/11/2026,MAIN,MC,103,,,,,,,
BUSI 3040,B,3,Business Law I,Gregg S. Greenfield,TR,9:25 AM,10:40 AM,08/26/2026,12/11/2026,MAIN,MC,101,,,,,,,
BUSI 3050,A,3,"Wills, Trusts and Estates",Gregg S. Greenfield,W,6:30 PM,9:30 PM,08/26/2026,10/09/2026,MAIN,MC,264,,,,,,,
BUSI 3070,A,4,Real Estate Investment & Sales,Augustana Staff,T,6:30 PM,9:30 PM,08/26/2026,12/11/2026,MAIN,MC,153,,,,,,,
BUSI 4040,A,3,Business Law II,Gregg S. Greenfield,TR,1:40 PM,2:55 PM,08/26/2026,12/11/2026,MAIN,MC,103,,,,,,,
BUSI 4950,A,4,Business Internship,Matthew Willard,,12:00 AM,12:00 AM,08/26/2026,12/11/2026,MAIN,OFF,OFF,Internship,W,Signature,"Experiential Course, Upper-Level Writing",,,
BUSI 4960,A,4,Business Internship,Matthew Willard,,12:00 AM,12:00 AM,08/26/2026,12/11/2026,MAIN,OFF,OFF,Internship,,,,,,
BUSI 5040,A,3,Business Law II,Gregg S. Greenfield,TR,1:40 PM,2:55 PM,08/26/2026,12/11/2026,MAIN,MC,103,,,,,,,
CHEM 1020,A1,4,Survey of General Chemistry,Laura E Slaymaker Flannery,MWF,2:00 PM,2:50 PM,08/26/2026,12/11/2026,MAIN,FSC,114,,NS,Selective,,The Natural World,Analytical Reasoning,Quantitative Literacy
CHEM 1020,A1,4,Survey of General Chemistry,Laura E Slaymaker Flannery,T,1:00 PM,2:50 PM,08/26/2026,12/11/2026,MAIN,FSC,317,,NS,Selective,,The Natural World,Analytical Reasoning,Quantitative Literacy
CHEM 1020,A2,4,Survey of General Chemistry,Laura E Slaymaker Flannery,MWF,2:00 PM,2:50 PM,08/26/2026,12/11/2026,MAIN,FSC,114,,NS,Selective,,The Natural World,Analytical Reasoning,Quantitative Literacy
CHEM 1020,A2,4,Survey of General Chemistry,Laura E Slaymaker Flannery,R,8:00 AM,9:50 AM,08/26/2026,12/11/2026,MAIN,FSC,317,,NS,Selective,,The Natural World,Analytical Reasoning,Quantitative Literacy
CHEM 1020,B1,4,Survey of General Chemistry,Shivatharsiny Yohi,MWF,1:00 PM,1:50 PM,08/26/2026,12/11/2026,MAIN,FSC,370,,NS,Selective,,The Natural World,Analytical Reasoning,Quantitative Literacy
CHEM 1020,B1,4,Survey of General Chemistry,Shivatharsiny Yohi,T,10:30 AM,12:20 PM,08/26/2026,12/11/2026,MAIN,FSC,317,,NS,Selective,,The Natural World,Analytical Reasoning,Quantitative Literacy
CHEM 1020,B2,4,Survey of General Chemistry,Shivatharsiny Yohi,MWF,1:00 PM,1:50 PM,08/26/2026,12/11/2026,MAIN,FSC,370,,NS,Selective,,The Natural World,Analytical Reasoning,Quantitative Literacy
CHEM 1020,B2,4,Survey of General Chemistry,Shivatharsiny Yohi,R,10:30 AM,12:20 PM,08/26/2026,12/11/2026,MAIN,FSC,317,,NS,Selective,,The Natural World,Analytical Reasoning,Quantitative Literacy
CHEM 1030,A1,4,General Chemistry I Lecture & Lab,Barrett Eichler,MWF,2:00 PM,2:50 PM,08/26/2026,12/11/2026,MAIN,FSC,370,,NS,Selective,,The Natural World,Analytical Reasoning,Quantitative Literacy
CHEM 1030,A1,4,General Chemistry I Lecture & Lab,Barrett Eichler,T,10:30 AM,12:20 PM,08/26/2026,12/11/2026,MAIN,FSC,313,,NS,Selective,,The Natural World,Analytical Reasoning,Quantitative Literacy
CHEM 1030,A2,4,General Chemistry I Lecture & Lab,Barrett Eichler,MWF,2:00 PM,2:50 PM,08/26/2026,12/11/2026,MAIN,FSC,370,,NS,Selective,,The Natural World,Analytical Reasoning,Quantitative Literacy
CHEM 1030,A2,4,General Chemistry I Lecture & Lab,Shivatharsiny Yohi,T,3:30 PM,5:20 PM,08/26/2026,12/11/2026,MAIN,FSC,313,,NS,Selective,,The Natural World,Analytical Reasoning,Quantitative Literacy
CHEM 1030,B1,4,General Chemistry I Lecture & Lab,Barrett Eichler,MWF,12:00 PM,12:50 PM,08/26/2026,12/11/2026,MAIN,FSC,370,,NS,Selective,,The Natural World,Analytical Reasoning,Quantitative Literacy
CHEM 1030,B1,4,General Chemistry I Lecture & Lab,Barrett Eichler,R,8:00 AM,9:50 AM,08/26/2026,12/11/2026,MAIN,FSC,313,,NS,Selective,,The Natural World,Analytical Reasoning,Quantitative Literacy
CHEM 1030,B2,4,General Chemistry I Lecture & Lab,Barrett Eichler,MWF,12:00 PM,12:50 PM,08/26/2026,12/11/2026,MAIN,FSC,370,,NS,Selective,,The Natural World,Analytical Reasoning,Quantitative Literacy
CHEM 1030,B2,4,General Chemistry I Lecture & Lab,Shivatharsiny Yohi,R,1:00 PM,2:50 PM,08/26/2026,12/11/2026,MAIN,FSC,313,,NS,Selective,,The Natural World,Analytical Reasoning,Quantitative Literacy
CHEM 1030,C1,4,General Chemistry I Lecture & Lab,Cyndey Johnson-Edler,MWF,9:00 AM,9:50 AM,08/26/2026,12/11/2026,MAIN,FSC,370,,NS,Selective,,The Natural World,Analytical Reasoning,Quantitative Literacy
CHEM 1030,C1,4,General Chemistry I Lecture & Lab,Cyndey Johnson-Edler,T,8:00 AM,9:50 AM,08/26/2026,12/11/2026,MAIN,FSC,313,,NS,Selective,,The Natural World,Analytical Reasoning,Quantitative Literacy
CHEM 1030,C2,4,General Chemistry I Lecture & Lab,Cyndey Johnson-Edler,MWF,9:00 AM,9:50 AM,08/26/2026,12/11/2026,MAIN,FSC,370,,NS,Selective,,The Natural World,Analytical Reasoning,Quantitative Literacy
CHEM 1030,C2,4,General Chemistry I Lecture & Lab,Cyndey Johnson-Edler,R,10:30 AM,12:20 PM,08/26/2026,12/11/2026,MAIN,FSC,313,,NS,Selective,,The Natural World,Analytical Reasoning,Quantitative Literacy
CHEM 1030,D1,4,General Chemistry I Lecture & Lab,Cyndey Johnson-Edler,MWF,1:00 PM,1:50 PM,08/26/2026,12/11/2026,MAIN,FSC,113B,,NS,Selective,,The Natural World,Analytical Reasoning,Quantitative Literacy
CHEM 1030,D1,4,General Chemistry I Lecture & Lab,Shivatharsiny Yohi,T,1:00 PM,1:50 PM,08/26/2026,12/11/2026,MAIN,FSC,313,,NS,Selective,,The Natural World,Analytical Reasoning,Quantitative Literacy
CHEM 1030,D2,4,General Chemistry I Lecture & Lab,Cyndey Johnson-Edler,MWF,1:00 PM,1:50 PM,08/26/2026,12/11/2026,MAIN,FSC,113B,,NS,Selective,,The Natural World,Analytical Reasoning,Quantitative Literacy
CHEM 1030,D2,4,General Chemistry I Lecture & Lab,Augustana Staff,R,3:30 PM,5:20 PM,08/26/2026,12/11/2026,MAIN,FSC,313,,NS,Selective,,The Natural World,Analytical Reasoning,Quantitative Literacy
CHEM 1040,A1,4,General Chemistry II Lecture & Lab,Laura E Slaymaker Flannery,MWF,12:00 PM,12:50 PM,08/26/2026,12/11/2026,MAIN,FSC,374,,,,,,,
CHEM 1040,A1,4,General Chemistry II Lecture & Lab,Laura E Slaymaker Flannery,T,8:00 AM,9:50 AM,08/26/2026,12/11/2026,MAIN,FSC,317,,,,,,,
CHEM 1050,A1,4,Accelerated General Chemistry Lectu,Zachary M. Schulte,MWF,9:00 AM,9:50 AM,08/26/2026,12/11/2026,MAIN,FSC,374,,NS,Selective,,The Natural World,Analytical Reasoning,Quantitative Literacy
CHEM 1050,A1,4,Accelerated General Chemistry Lectu,Zachary M. Schulte,R,1:00 PM,2:50 PM,08/26/2026,12/11/2026,MAIN,FSC,317,,NS,Selective,,The Natural World,Analytical Reasoning,Quantitative Literacy
CHEM 1900,A,0,Trustee Fellowshp in Chemistry I,Charles J Weiss,R,11:00 AM,11:50 AM,08/26/2026,12/11/2026,MAIN,FSC,371,,,,,,,
CHEM 2100,A1,4,Organic Chemistry I Lecture & Lab,Charles J Weiss,MWF,8:00 AM,8:50 AM,08/26/2026,12/11/2026,MAIN,FSC,374,,,,,,,
CHEM 2100,A1,4,Organic Chemistry I Lecture & Lab,Charles J Weiss,T,8:00 AM,11:50 AM,08/26/2026,12/11/2026,MAIN,FSC,315,,,,,,,
CHEM 2100,A2,4,Organic Chemistry I Lecture & Lab,Charles J Weiss,MWF,8:00 AM,8:50 AM,08/26/2026,12/11/2026,MAIN,FSC,374,,,,,,,
CHEM 2100,A2,4,Organic Chemistry I Lecture & Lab,Charles J Weiss,R,1:00 PM,4:50 PM,08/26/2026,12/11/2026,MAIN,FSC,315,,,,,,,
CHEM 2100,B1,4,Organic Chemistry I Lecture & Lab,Jetty Duffy-Matzner,MWF,11:00 AM,11:50 AM,08/26/2026,12/11/2026,MAIN,FSC,374,,,,,,,
CHEM 2100,B1,4,Organic Chemistry I Lecture & Lab,Jetty Duffy-Matzner,T,1:00 PM,4:50 PM,08/26/2026,12/11/2026,MAIN,FSC,315,,,,,,,
CHEM 2100,B2,4,Organic Chemistry I Lecture & Lab,Jetty Duffy-Matzner,MWF,11:00 AM,11:50 AM,08/26/2026,12/11/2026,MAIN,FSC,374,,,,,,,
CHEM 2100,B2,4,Organic Chemistry I Lecture & Lab,Jetty Duffy-Matzner,R,8:00 AM,11:50 AM,08/26/2026,12/11/2026,MAIN,FSC,315,,,,,,,
CHEM 2110,A1,4,Organic Chemistry II Lecture & Lab,Marianna Madeo,MWF,2:00 PM,2:50 PM,08/26/2026,12/11/2026,MAIN,FSC,371,,,,,,,
CHEM 2110,A1,4,Organic Chemistry II Lecture & Lab,Marianna Madeo,T,8:00 AM,11:50 AM,08/26/2026,12/11/2026,MAIN,FSC,316,,,,,,,
CHEM 2321,A,1,Instrument Proficiency for Scien,Duane Weisshaar,,12:00 AM,12:00 AM,08/26/2026,12/11/2026,MAIN,FSC,350,,,,,,,
CHEM 3400,A1,4,Chemical Thermodynamics Lecture & L,Zachary M. Schulte,MWF,12:00 PM,12:50 PM,08/26/2026,12/11/2026,MAIN,FSC,371,,SI,,,,,
CHEM 3400,A1,4,Chemical Thermodynamics Lecture & L,Zachary M. Schulte,T,1:00 PM,4:50 PM,08/26/2026,12/11/2026,MAIN,FSC,316,,SI,,,,,
CHEM 3500,A1,4,Biochemistry Lecture & Lab,Marianna Madeo,MWF,11:00 AM,11:50 AM,08/26/2026,12/11/2026,MAIN,FSC,371,,W,Signature,Upper-Level Writing,,,
CHEM 3500,A1,4,Biochemistry Lecture & Lab,Marianna Madeo,R,8:00 AM,10:50 AM,08/26/2026,12/11/2026,MAIN,FSC,251,,W,Signature,Upper-Level Writing,,,
CHEM 4100,A1,4,Advanced Organic Chemistry Lecture,Jetty Duffy-Matzner,MWF,8:00 AM,8:50 AM,08/26/2026,12/11/2026,MAIN,FSC,371,,W,Signature,Upper-Level Writing,,,
CHEM 4100,A1,4,Advanced Organic Chemistry Lecture,Jetty Duffy-Matzner,R,8:00 AM,11:50 AM,08/26/2026,12/11/2026,MAIN,FSC,316,,W,Signature,Upper-Level Writing,,,
CIVT 1010,A,3,Exploring the Christian Faith,Arminta M Fox,MWF,1:00 PM,1:50 PM,08/26/2026,12/11/2026,MAIN,HUM,201,,"CT, E",Foundational,,Christian Traditions,,
CIVT 1210,A,3,Literary Experience,Janet Blank-Libra,MWF,2:00 PM,2:50 PM,08/26/2026,12/11/2026,MAIN,CWS,108,,"LT, W",,,,,
CIVT 2100,A,3,Reading Augustana,Jeffrey S Miller,TR,10:50 AM,12:05 PM,08/26/2026,12/11/2026,MAIN,CWS,108,,,,,,,
CIVT 2200,A,3,Who's Afraid of Modern Art?,Lindsay Twa,MWF,9:00 AM,9:50 AM,08/26/2026,12/11/2026,MAIN,HUM,123,,,,,,,
CIVT 2300,A,3,(Re)conquering Iberia - Doing Justi,Michael Rueter,TR,9:25 AM,10:40 AM,08/26/2026,12/11/2026,MAIN,HUM,302,,,,,,,
CIVT 2400,A,3,Protest and Policing,Emily Roehl,TR,12:15 PM,1:30 PM,08/26/2026,12/11/2026,MAIN,HUM,102,,,,,,,
CMDS 1100,A,2,Intro to Communication Disorders,Beth J Wienhold,TR,8:00 AM,8:50 AM,08/26/2026,12/11/2026,MAIN,MC,101,,,,,,,
CMDS 2110,A,3,Intro to Audiology,Jade Husby,MWF,8:00 AM,8:50 AM,08/26/2026,12/11/2026,MAIN,MC,161,,,,,,,
CMDS 2120,A,3,Language Development,Megan Mattie Wiessner,MWF,11:00 AM,11:50 AM,08/26/2026,12/11/2026,MAIN,MC,157,,,,,,,
CMDS 2220,A,3,Speech Sound Disorders,Megan Mattie Wiessner,MWF,9:00 AM,9:50 AM,08/26/2026,12/11/2026,MAIN,MC,253,,,,,,,
CMDS 3940,A,2,Guided Clinical Observation,Megan Mattie Wiessner,,12:00 AM,12:00 AM,08/26/2026,12/11/2026,MAIN,OFF,OFF,,,Signature,Experiential Course,,,
CMDS 4940,A,2,Clinical Practicum,Megan Mattie Wiessner,,12:00 AM,12:00 AM,08/26/2026,12/11/2026,MAIN,OFF,OFF,,,Signature,Experiential Course,,,
CMIS 1000,A,3,Management Information Systems I,Uchenna Peters,MWF,11:00 AM,11:50 AM,08/26/2026,12/11/2026,MAIN,MC,1,,,,,,,
CMIS 1000,B,3,Management Information Systems I,Augustana Staff,TR,10:50 AM,12:05 PM,08/26/2026,12/11/2026,MAIN,MC,2,,,,,,,
CMIS 1000,C,3,Management Information Systems I,Uchenna Peters,TR,12:15 PM,1:30 PM,08/26/2026,12/11/2026,MAIN,MC,1,,,,,,,
CMIS 2000,A,3,Management Information System II,Terence C Mournet,TR,1:40 PM,2:55 PM,08/26/2026,12/11/2026,MAIN,MC,1,,,,,,,
CMIS 2100,A,3,Business Analytics,Augustana Staff,MWF,11:00 AM,11:50 AM,08/26/2026,12/11/2026,MAIN,MC,2,,,Selective,,Reasoning Mathematically,Digital Literacy,Quantitative Literacy
CMIS 2100,B,3,Business Analytics,Augustana Staff,MWF,12:00 PM,12:50 PM,08/26/2026,12/11/2026,MAIN,MC,2,,,Selective,,Reasoning Mathematically,Digital Literacy,Quantitative Literacy
CMIS 5000,A,3,Adv Mgmt Information Systems,Uchenna Peters,M,6:30 PM,9:30 PM,08/26/2026,10/09/2026,MAIN,MC,1,,,,,,,
CMIS 5100,A,3,Advanced Business Analytics,Kaitlin Joan Mans,M,6:30 PM,9:30 PM,10/15/2026,12/11/2026,MAIN,MC,2,,,,,,,
COMM 1101,A,3,Environmental Advocacy,Heather Aldridge Bart,TR,8:00 AM,9:15 AM,08/26/2026,12/11/2026,MAIN,HUM,331,,C,Foundational,,CTOC,,
COMM 1101,B,3,Environmental Advocacy,Heather Aldridge Bart,TR,9:25 AM,10:40 AM,08/26/2026,12/11/2026,MAIN,HUM,331,,C,Foundational,,CTOC,,
COMM 1102,A,3,Public Health Advocacy,Michael Earl Nitz,MWF,8:00 AM,8:50 AM,08/26/2026,12/11/2026,MAIN,HUM,301,,C,Foundational,,CTOC,,
COMM 1102,B,3,Public Health Advocacy,Michael Earl Nitz,MWF,1:00 PM,1:50 PM,08/26/2026,12/11/2026,MAIN,HUM,301,,C,Foundational,,CTOC,,
COMM 1103,A,3,Effective Oral Advocacy,John Bart,MWF,9:00 AM,9:50 AM,08/26/2026,12/11/2026,MAIN,HUM,331,,C,Foundational,,CTOC,,
COMM 1103,B,3,Effective Oral Advocacy,Hosea Young Kost,TR,10:50 AM,12:05 PM,08/26/2026,12/11/2026,MAIN,HUM,331,,C,Foundational,,CTOC,,
COMM 1300,A,3,Interpersonal Communication,John Bart,MWF,1:00 PM,1:50 PM,08/26/2026,12/11/2026,MAIN,HUM,302,,"C, WB",Foundational,,Well-Being,,
COMM 2102,A,4,Advocacy and Argumentation,Heather Aldridge Bart,TR,11:00 AM,12:50 PM,08/26/2026,12/11/2026,MAIN,HUM,302,,C,Foundational,,CTOC,,
COMM 2200,A,3,Public Relations,Michael Earl Nitz,MWF,11:00 AM,11:50 AM,08/26/2026,12/11/2026,MAIN,HUM,301,,,,,,,
COMM 2400,A,3,Communication Research,Hosea Young Kost,TR,8:00 AM,9:15 AM,08/26/2026,12/11/2026,MAIN,HUM,202,,,,,,,
COMM 3400,A,3,Rhetorical Criticism,John Bart,TR,9:25 AM,10:40 AM,08/26/2026,12/11/2026,MAIN,HUM,202,,W,Signature,Upper-Level Writing,,,
COSC 1120,A,3,Ethical Issues in Technology,Sharon M Gray,TR,10:50 AM,12:05 PM,08/26/2026,12/11/2026,MAIN,MC,201,,"E, W",,,,,
COSC 1210,A,4,Computer Science I,Carrie F Olson-Manning,TR,11:00 AM,12:50 PM,08/26/2026,12/11/2026,MAIN,FSC,113B,,,,,,,
COSC 1210,B,4,Computer Science I,Carrie F Olson-Manning,TR,1:00 PM,2:50 PM,08/26/2026,12/11/2026,MAIN,FSC ,373,,,,,,,
COSC 1210,C,4,Computer Science I,Augustana Staff,MWF,2:00 PM,3:10 PM,08/26/2026,12/11/2026,MAIN,FSC,372,,,,,,,
COSC 1220,A,4,Computer Science II,Augustana Staff,TR,11:00 AM,12:50 PM,08/26/2026,12/11/2026,MAIN,FSC,372,,,,,,,
COSC 1300,A,3,Introduction to Data Science,Cami Fuglsby,MWF,9:00 AM,9:50 AM,08/26/2026,12/11/2026,MAIN,FSC,371,,,,,,,
COSC 1300,B,3,Introduction to Data Science,Cami Fuglsby,MWF,11:00 AM,11:50 AM,08/26/2026,12/11/2026,MAIN,FSC,372,,,,,,,
COSC 2230,A,3,Computer Science III,Daniel Roy Steinwand,MWF,1:00 PM,1:50 PM,08/26/2026,12/11/2026,MAIN,FSC,372,,,,,,,
COSC 2250,A,3,C++ Programming,Cami Fuglsby,MWF,12:00 PM,12:50 PM,08/26/2026,12/11/2026,MAIN,FSC,373,,,,,,,
COSC 2410,A,4,Comp Organization & Architecture,Daniel Roy Steinwand,MWF,10:40 AM,11:50 AM,08/26/2026,12/11/2026,MAIN,FSC,370,,,,,,,
COSC 3430,A,3,Artificial Intelligence,Augustana Staff,MWF,9:00 AM,9:50 AM,08/26/2026,12/11/2026,MAIN,FSC,372,,,,,,,
COSC 4220,A,3,Software Engineering,Daniel Roy Steinwand,MWF,2:00 PM,2:50 PM,08/26/2026,12/11/2026,MAIN,FSC,116,,,,,,,
CRJS 1200,A,3,Intro to Criminal Justice,William J. Swart,TR,1:40 PM,2:55 PM,08/26/2026,12/11/2026,MAIN,MC,264,,SS,Selective,,Human Beh & Soc Systems,Analytical Reasoning,Civic Knowledge
CRJS 1200,B,3,Intro to Criminal Justice,Stacy R Sanders,TR,9:25 AM,10:40 AM,08/26/2026,12/11/2026,MAIN,MC,264,,SS,Selective,,Human Beh & Soc Systems,Analytical Reasoning,Civic Knowledge
CRJS 2203,A,3,Juvenile Delinquency,Stacy R Sanders,TR,12:15 PM,1:30 PM,08/26/2026,12/11/2026,MAIN,MC,102,,,,,,,
CRJS 3200,A,3,CriminalJusticeProceduresSystems,Stacy R Sanders,TR,10:50 AM,12:05 PM,08/26/2026,12/11/2026,MAIN,MC,264,,,,,,,
ECON 1100,A,3,Principles of Microeconomics,Reynold Frank Nesiba,MWF,8:00 AM,8:50 AM,08/26/2026,12/11/2026,MAIN,MC,264,,SS,Selective,,Human Beh & Soc Systems,Analytical Reasoning,Civic Knowledge
ECON 1100,B,3,Principles of Microeconomics,Reynold Frank Nesiba,MWF,9:00 AM,9:50 AM,08/26/2026,12/11/2026,MAIN,MC,264,,SS,Selective,,Human Beh & Soc Systems,Analytical Reasoning,Civic Knowledge
ECON 1100,C,3,Principles of Microeconomics,David John Sorenson,MWF,1:00 PM,1:50 PM,08/26/2026,12/11/2026,MAIN,MC,264,,SS,Selective,,Human Beh & Soc Systems,Analytical Reasoning,Civic Knowledge
ECON 1100,D,3,Principles of Microeconomics,David John Sorenson,MWF,2:00 PM,2:50 PM,08/26/2026,12/11/2026,MAIN,MC,264,,SS,Selective,,Human Beh & Soc Systems,Analytical Reasoning,Civic Knowledge
ECON 1200,A,3,Principles of Macroeconomics,Georgy Loginov,MWF,12:00 PM,12:50 PM,08/26/2026,12/11/2026,MAIN,MC,153,,,,,,,
ECON 2700,A,4,Statistics,Georgy Loginov,MWF,8:40 AM,9:50 AM,08/26/2026,12/11/2026,MAIN,MC,2,,MT,Selective,,Reasoning Mathematically,Quantitative Literacy,
ECON 2700,B,4,Statistics,Georgy Loginov,MWF,10:40 AM,11:50 AM,08/26/2026,12/11/2026,MAIN,MC,153,,MT,Selective,,Reasoning Mathematically,Quantitative Literacy,
ECON 3200,A,3,Intermediate Macroeconomics,Reynold Frank Nesiba,TR,10:50 AM,12:05 PM,08/26/2026,12/11/2026,MAIN,MC,153,,,,,,,
ECON 3730,A,3,Econometrics,David John Sorenson,TR,9:25 AM,10:40 AM,08/26/2026,12/11/2026,MAIN,MC,153,,C,,,,,
EDUC 1100,A,3,Foundation of American Education,Aaron Lee Dang,TR,8:00 AM,9:15 AM,08/26/2026,12/11/2026,MAIN,FSC,113A,,SS,Selective,,Human Beh & Soc Systems,Civic Knowledge,Information Literacy
EDUC 1100,B,3,Foundation of American Education,Aaron Lee Dang,TR,9:25 AM,10:40 AM,08/26/2026,12/11/2026,MAIN,FSC,113A,,SS,Selective,,Human Beh & Soc Systems,Civic Knowledge,Information Literacy
EDUC 2110,A,3,Technology in Education,Li Sun,MWF,1:00 PM,1:50 PM,08/26/2026,12/11/2026,MAIN,MC,164,,,Selective,,Integrating Ideas,Digital Literacy,Ethical Reasoning
EDUC 2120,A,3,Educational Psychology,Brad Michael Uhing,MWF,8:00 AM,8:50 AM,08/26/2026,12/11/2026,MAIN,MC,164,,,,,,,
EDUC 2120,B,3,Educational Psychology,Brad Michael Uhing,MWF,9:00 AM,9:50 AM,08/26/2026,12/11/2026,MAIN,MC,164,,,,,,,
EDUC 2130,A,3,Teach Learn Connect Method,Nicolas Charles Jackson,TR,9:25 AM,10:40 AM,08/26/2026,12/11/2026,MAIN,MC,164,,,,,,,
EDUC 2130,B,3,Teach Learn Connect Method,Nicolas Charles Jackson,TR,10:50 AM,12:05 PM,08/26/2026,12/11/2026,MAIN,MC,164,,,,,,,
EDUC 2160,A,2,Children's Literature,Augustana Staff,R,6:30 PM,8:30 PM,08/26/2026,12/11/2026,MAIN,MC,164,,,,,,,
EDUC 2950,A,3,Internship,Mali Teller,,12:00 AM,12:00 AM,08/26/2026,12/11/2026,MAIN,OFF,OFF,,,,,,,
EDUC 3110,A,3,Human Relations in Education,Nicolas Charles Jackson,TR,1:40 PM,2:55 PM,08/26/2026,12/11/2026,MAIN,MC,164,,,,,,,
EDUC 3220,A,3,Educational Assessment,Brad Michael Uhing,TR,8:00 AM,9:15 AM,08/26/2026,12/11/2026,MAIN,MC,257,,,,,,,
EDUC 3246,A,3,Methods Teach Assess Writing,Aaron Lee Dang,MWF,11:00 AM,11:50 AM,08/26/2026,12/11/2026,MAIN,MC,164,,W,Signature,Upper-Level Writing,,,
EDUC 3248,A,3,Methods Teach and Assess Reading,Aaron Lee Dang,MWF,12:00 PM,12:50 PM,08/26/2026,12/11/2026,MAIN,MC,164,,,,,,,
EDUC 4110,A,1,Classroom Management,Raybecca Fiala,,12:00 AM,12:00 AM,08/26/2026,12/11/2026,MAIN,OFF,OFF,,E,,,,,
EDUC 4410,A,3,Literacy in the Content Area,Gina Millicent Benz,M,6:00 PM,9:00 PM,08/26/2026,12/11/2026,MAIN,MC,164,,,,,,,
EDUC 4941,A,12,Student Teach: Kindergarten,Raybecca Fiala,,12:00 AM,12:00 AM,08/26/2026,12/11/2026,MAIN,OFF,OFF,,,Signature,Experiential Course,,,
EDUC 4942,A,16,Student Teach: Elementary,Raybecca Fiala,,12:00 AM,12:00 AM,08/26/2026,12/11/2026,MAIN,OFF,OFF,,C,Signature,Experiential Course,,,
EDUC 4943,A,12,Student Teach: Middle School,Raybecca Fiala,,12:00 AM,12:00 AM,08/26/2026,12/11/2026,MAIN,OFF,OFF,,,Signature,Experiential Course,,,
EDUC 4944,A,16,Student Teach: Secondary,Raybecca Fiala,,12:00 AM,12:00 AM,08/26/2026,12/11/2026,MAIN,OFF,OFF,,C,Signature,Experiential Course,,,
EDUC 4945,A,16,Student Teach: All Grades,Raybecca Fiala,,12:00 AM,12:00 AM,08/26/2026,12/11/2026,MAIN,OFF,OFF,,C,Signature,Experiential Course,,,
EDUC 6000,A,0,Admitted to Education Program,,,12:00 AM,12:00 AM,08/26/2026,12/11/2026,MAIN,OFF,,,,,,,,
EDUC 6010,A,3,Intro to Graduate Research,Brad Michael Uhing,,12:00 AM,12:00 AM,08/26/2026,10/14/2026,MAIN,OFF,ONLN,,,,,,,
EDUC 6600,A,3,History/Philosophy of Education,Anita Ann Manning,,12:00 AM,12:00 AM,10/22/2026,12/11/2026,MAIN,OFF,ONLN,,,,,,,
EDUC 6610,A,3,Foundations & Princ of Curriculm,Sharon Elizabeth Andrews,,12:00 AM,12:00 AM,10/22/2026,12/11/2026,MAIN,OFF,ONLN,,,,,,,
EDUC 6620,A,3,Issues in Education,Raybecca Fiala,,12:00 AM,12:00 AM,08/26/2026,10/14/2026,MAIN,OFF,ONLN,,,,,,,
EDUC 6900,A,3,Research Synthesis Project,Michael Wayne Amolins,,12:00 AM,12:00 AM,08/26/2026,12/11/2026,MAIN,OFF,ONLN,,,,,,,
EDUC 6900,B,3,Research Synthesis Project,Li Sun,,12:00 AM,12:00 AM,08/26/2026,12/11/2026,MAIN,OFF,ONLN,,,,,,,
ENGL 1060,A,3,Composition I,Emily Roehl,TR,1:40 PM,2:55 PM,08/26/2026,12/11/2026,MAIN,HUM,102,,W,,,,,
ENGL 1061,A,3,English Comp&Conv: Intl Students,Daniel Gerling,MWF,2:00 PM,2:50 PM,08/26/2026,12/11/2026,MAIN,HUM,102,,W,Selective,,Connecting Across Cultures,Critical Reading,Cross-Cultural Literacy
ENGL 1100,C,3,Literary Experience,Augustana Staff,MWF,1:00 PM,1:50 PM,08/26/2026,12/11/2026,MAIN,HUM,102,,"LT, W",Selective,,Reading the Human Record,Critical Reading,Written Communication
ENGL 1100,D,3,Detectives in Fact and Fiction,Cheryl Jackson-Nelson,TR,9:25 AM,10:40 AM,08/26/2026,12/11/2026,MAIN,HUM,103,,"LT, W",Selective,,Reading the Human Record,Critical Reading,Written Communication
ENGL 1151,A,3,Digital Landscapes,Emily Roehl,TR,10:40 AM,12:05 PM,08/26/2026,12/11/2026,MAIN,HUM,102,,LT,Selective,,Reading the Human Record,Digital Literacy,Written Communication
ENGL 2120,A,3,Intro to British Lit History,Patrick Hicks,TR,12:15 PM,1:30 PM,08/26/2026,12/11/2026,MAIN,HUM,202,,LT,Selective,,Reading the Human Record,Analytical Reasoning,Critical Reading
ENGL 2132,A,3,Global Literature II,Debbie Ann Hanson,MWF,9:00 AM,9:50 AM,08/26/2026,12/11/2026,MAIN,HUM,202,,PW,Selective,,Reading the Human Record,Critical Reading,Cross-Cultural Literacy
ENGL 3111,A,3,Seminar in Earlier American Lit,Debbie Ann Hanson,MWF,1:00 PM,1:50 PM,08/26/2026,12/11/2026,MAIN,HUM,106,,,,,,,
ENGL 3140,A,3,Seminar in Global Literature,Beth Marie Boyens,MWF,2:00 PM,2:50 PM,08/26/2026,12/11/2026,MAIN,HUM,106,,PW,,,,,
ENGL 3260,A,3,Creative Writing: Nonfiction,Patrick Hicks,TR,8:00 AM,9:15 AM,08/26/2026,12/11/2026,MAIN,HUM,102,,W,Signature,Upper-Level Writing,,,
ENGL 3263,A,3,Creative Writing: Drama,Debbie Ann Hanson,MWF,12:00 PM,12:50 PM,08/26/2026,12/11/2026,MAIN,HUM,106,,W,Signature,Upper-Level Writing,,,
ENGL 3360,A,3,English Grammar,Cheryl Jackson-Nelson,TR,10:50 AM,12:05 PM,08/26/2026,12/11/2026,MAIN,HUM,106,,,,,,,
ENGR 1000,A,3,Introduction to Engineering,Derek Vasquez,TR,1:40 PM,2:55 PM,08/26/2026,12/11/2026,MAIN,FSC,214,,,,,,,
EXSC 1200,A,3,Intro to Exercise & Sport Scienc,Matthew William Heesch,MWF,8:00 AM,8:50 AM,08/26/2026,12/11/2026,MAIN,FSC,376,,,,,,,
EXSC 1200,B,3,Intro to Exercise & Sport Scienc,Jeffrey Messer,TR,8:00 AM,9:15 AM,08/26/2026,12/11/2026,MAIN,FSC,376,,,,,,,
EXSC 2200,A,2,Motor Development,Sarah Nicole Jenness,MW,12:00 PM,12:50 PM,08/26/2026,12/11/2026,MAIN,MIDCO,178,,,,,,,
EXSC 2210,A,4,Physiology of Exercise,Matthew William Heesch,MWF,11:00 AM,11:50 AM,08/26/2026,12/11/2026,MAIN,FSC,113A,,,,,,,
EXSC 2210,A,4,Physiology of Exercise,Matthew William Heesch,T,12:15 PM,2:05 PM,08/26/2026,12/11/2026,MAIN,FSC,273,,,,,,,
EXSC 2210,B,4,Physiology of Exercise,Matthew William Heesch,MWF,11:00 AM,11:50 AM,08/26/2026,12/11/2026,MAIN,FSC,113A,,,,,,,
EXSC 2210,B,4,Physiology of Exercise,Matthew William Heesch,R,12:15 PM,2:05 PM,08/26/2026,12/11/2026,MAIN,FSC,273,,,,,,,
EXSC 2220,A,3,Structural Kinesiology Lecture & La,Augustana Staff,MWF,9:00 AM,9:50 AM,08/26/2026,12/11/2026,MAIN,FSC,376,,,,,,,
EXSC 3210,A,3,Biomechanics Lecture & Lab,Shelby L Assmus,MWF,11:00 AM,11:50 AM,08/26/2026,12/11/2026,MAIN,FSC,116,,,,,,,
EXSC 3500,A,3,Curr Topic Exercse/Sport Science,Jeffrey Messer,MWF,12:00 PM,12:50 PM,08/26/2026,12/11/2026,MAIN,FSC,116,,W,Signature,Upper-Level Writing,,,
EXSC 3600,A,3,Fitness Measure & Exerc Prescrip,Andrea Kay Powell,TR,8:00 AM,9:15 AM,08/26/2026,12/11/2026,MAIN,FSC,273,,,,,,,
EXSC 3600,B,3,Fitness Measure & Exerc Prescrip,Andrea Kay Powell,TR,9:25 AM,10:40 AM,08/26/2026,12/11/2026,MAIN,FSC,273,,,,,,,
EXSC 3950,A,2,Internship,Shelby L Assmus,,12:00 AM,12:00 AM,08/26/2026,12/11/2026,MAIN,OFF,,,,Signature,Experiential Course,,,
EXSC 4000,A,3,Exercise Leadership,Shelby L Assmus,MWF,1:00 PM,1:50 PM,08/26/2026,12/11/2026,MAIN,FSC,214,,,Signature,Experiential Course,,,
EXSC 4920,A,3,Directed Research,Matthew William Heesch,,12:00 AM,12:00 AM,08/26/2026,12/11/2026,MAIN,OFF,,Independent Study/Scholarship,,Signature,Experiential Course,,,
EXSC 4950,A,2,Internship,Shelby L Assmus,,12:00 AM,12:00 AM,08/26/2026,12/11/2026,MAIN,OFF,OFF,Internship,,Signature,Experiential Course,,,
FINC 3330,A,3,Principles of Finance,Cathy Marsh,TR,10:50 AM,12:05 PM,08/26/2026,12/11/2026,MAIN,MC,255,,,,,,,
FINC 3330,B,3,Principles of Finance,Cathy Marsh,TR,12:15 PM,1:30 PM,08/26/2026,12/11/2026,MAIN,FSC,116,,,,,,,
FINC 4330,A,3,Advanced Finance,Andi Li,TR,1:40 PM,2:55 PM,08/26/2026,12/11/2026,MAIN,MC,102,,,,,,,
FINC 4360,A,3,Investment Fundamentals,Andi Li,MWF,8:00 AM,8:50 AM,08/26/2026,12/11/2026,MAIN,MC,153,,,,,,,
FINC 4380,A,3,International Finance,Andi Li,MWF,11:00 AM,11:50 AM,08/26/2026,12/11/2026,MAIN,FSC,373,,,,,,,
FINC 5330,A,3,Advanced Finance,Andi Li,TR,1:40 PM,2:55 PM,08/26/2026,12/11/2026,MAIN,MC,161,,,,,,,
FINC 6330,A,3,Financial Management,Matthew Willard,W,6:30 PM,9:30 PM,10/15/2026,12/11/2026,MAIN,FSC,376,,,,,,,
FINT 1000,A,3,Principles of Fintech,Raymond James Leach,TR,10:50 AM,12:05 PM,08/26/2026,12/11/2026,MAIN,FSC,116,,,,,,,
FINT 3000,A,3,Financial Institutions,Raymond James Leach,TR,9:25 AM,10:40 AM,08/26/2026,12/11/2026,MAIN,FSC,114,,,,,,,
FINT 4950,A,3,Fintech Internship,Raymond James Leach,,12:00 AM,12:00 AM,08/26/2026,12/11/2026,MAIN,OFF,,,W,Signature,"Experiential Course, Upper-Level Writing",,,
FREN 1101,A,3,Intro to French I,Augustana Staff,MWF,9:00 AM,9:50 AM,08/26/2026,12/11/2026,MAIN,HUM,320,,L1,,,,,
FREN 2103,A,4,Intermediate French I,Augustana Staff,MTWF,11:00 AM,11:50 AM,08/26/2026,12/11/2026,MAIN,HUM,320,,,,,,,
FREN 2130,A,4,French Convers & Composition II,Augustana Staff,MTWF,2:00 PM,2:50 PM,08/26/2026,12/11/2026,MAIN,HUM,320,,W,Signature,Upper-Level Writing,,,
FYSM 1100,A,4,On The Road,Jeffrey S Miller,MWF,10:40 AM,11:50 AM,08/26/2026,12/11/2026,MAIN,HUM,319,,FS,Foundational,,First Year Seminar,,
FYSM 1100,B,4,Get Lost:The Art of Wandering,Beth Marie Boyens,MWF,10:40 AM,11:50 AM,08/26/2026,12/11/2026,MAIN,HUM ,102,,FS,Foundational,,First Year Seminar,,
FYSM 1100,C,4,History of the Catholic Church,Cornelius Conover,MWF,10:40 AM,11:50 AM,08/26/2026,12/11/2026,MAIN,HUM,226,,FS,Foundational,,First Year Seminar,,
FYSM 1100,D,4,Ubuntu:I Am Because We Are,Nicolas Charles Jackson,MWF,10:40 AM,11:50 AM,08/26/2026,12/11/2026,MAIN,HUM,227,,FS,Foundational,,First Year Seminar,,
FYSM 1100,E,4,The Theatre and the Moral Dilemma o,Daniel J. Workman,MWF,10:40 AM,11:50 AM,08/26/2026,12/11/2026,MAIN,HUM,145,,FS,Foundational,,First Year Seminar,,
FYSM 1100,F,4,"Fur, Fin and Feathers",Will M Wright,MWF,10:40 AM,11:50 AM,08/26/2026,12/11/2026,MAIN,HUM,202,,FS,Foundational,,First Year Seminar,,
FYSM 1100,G,4,War & Memory,Patrick Hicks,MWF,10:40 AM,11:50 AM,08/26/2026,12/11/2026,MAIN,,,,FS,Foundational,,First Year Seminar,,
FYSM 1100,H,4,Relentless Forward Progress,Emily Orchard Wanless,MWF,10:40 AM,11:50 AM,08/26/2026,12/11/2026,MAIN,CWS,108,,FS,Foundational,,First Year Seminar,,
FYSM 1100,I,4,"WTF, English?",Daniel Gerling,MWF,10:40 AM,11:50 AM,08/26/2026,12/11/2026,MAIN,HUM,201,,FS,Foundational,,First Year Seminar,,
FYSM 1100,J,4,First Year Seminar I,Daniel E. Sailer,MWF,10:40 AM,11:50 AM,08/26/2026,12/11/2026,MAIN,HUM ,103,,FS,Foundational,,First Year Seminar,,
FYSM 1100,K,4,Personal Brand Development in the W,Christopher Brian Knutson,MWF,10:40 AM,11:50 AM,08/26/2026,12/11/2026,MAIN,HUM,331,,FS,Foundational,,First Year Seminar,,
FYSM 1100,L,4,What Does It Mean to Be Human?,Stephen Minister,MWF,10:40 AM,11:50 AM,08/26/2026,12/11/2026,MAIN,MC,161,,FS,Foundational,,First Year Seminar,,
FYSM 1100,M,4,Is your DNA your Destiny?,Lisa Mary Baye,MWF,10:40 AM,11:50 AM,08/26/2026,12/11/2026,MAIN,,,,FS,Foundational,,First Year Seminar,,
FYSM 1100,N,4,Stories to Fend Off Death,Pilar Cabrera Fonte,MWF,10:40 AM,11:50 AM,08/26/2026,12/11/2026,MAIN,,,,FS,Foundational,,First Year Seminar,,
FYSM 1100,O,4,Anthropology of BBQ,Trent Michael Trombley,MWF,10:40 AM,11:50 AM,08/26/2026,12/11/2026,MAIN,HUM,106,,FS,Foundational,,First Year Seminar,,
FYSM 1100,P,4,"Outwit, Outplay, Outlast:Surviving",Kathleen E McCollough,MWF,10:40 AM,11:50 AM,08/26/2026,12/11/2026,MAIN,,,,FS,Foundational,,First Year Seminar,,
FYSM 1100,Q,4,Rhyme & Reason:Social impact Throug,Willette Anita Capers,TR,11:00 AM,12:50 PM,08/26/2026,12/11/2026,MAIN,HUM,301,,FS,Foundational,,First Year Seminar,,
FYSM 1100,R,4,Reader Beware! Horror in America,Jeffrey Scott Larsen,TR,8:00 AM,9:50 AM,08/26/2026,12/11/2026,MAIN,MC,120,,FS,Foundational,,First Year Seminar,,
FYSM 1100,S,4,Civil Disobedience,Emily Catherine Schoenbeck,TR,11:00 AM,12:50 PM,08/26/2026,12/11/2026,MAIN,MC,161,,FS,Foundational,,First Year Seminar,,
FYSM 1100,T,4,Civil Disobedience,Emily Catherine Schoenbeck,TR,1:00 PM,2:50 PM,08/26/2026,12/11/2026,MAIN,HUM,319,,FS,Foundational,,First Year Seminar,,
FYSM 1100,U,4,In the Eye of a Hurricane:Disasters,Augustana Staff,TR,11:00 AM,12:50 PM,08/26/2026,12/11/2026,MAIN,HUM,319,,FS,Foundational,,First Year Seminar,,
FYSM 1100,V,4,In the Eye of a Hurricane:Disasters,Augustana Staff,TR,1:00 PM,1:50 PM,08/26/2026,12/11/2026,MAIN,HUM,320,,FS,Foundational,,First Year Seminar,,
FYSM 1100,W,4,Love and Science: The Curie Family,Amy Bylsma Engebretson,TR,1:00 PM,2:50 PM,08/26/2026,12/11/2026,MAIN,HUM,331,,FS,Foundational,,First Year Seminar,,
FYSM 1100,X,4,Unfiltered? Personal Writing and Pu,Jennifer M. White,TR,1:00 PM,2:50 PM,08/26/2026,12/11/2026,MAIN,HUM ,301,,FS,Foundational,,First Year Seminar,,
FYSM 1100,Y,4,Unsinkable: The Titanic Embarks on,Margaret Preston,MWF,10:40 AM,11:50 AM,08/26/2026,12/11/2026,MAIN,HUM,123,,FS,Foundational,,First Year Seminar,,
GENC 6000,A,1,Seminar in Medical Genetics,Taylor Jane Berninger,W,1:00 PM,1:50 PM,08/26/2026,12/11/2026,MAIN,OFF,,,,,,,,
GENC 6101,A,3,Genetics in Medicine I,Taylor Jane Berninger,T,10:00 AM,11:20 AM,08/26/2026,12/11/2026,MAIN,FSC,363,,,,,,,
GENC 6101,A,3,Genetics in Medicine I,Taylor Jane Berninger,R,11:00 AM,12:20 PM,08/26/2026,12/11/2026,MAIN,FSC,363,,,,,,,
GENC 6110,A,3,Genetic Diagnosis & Lab Methods,Augustana Staff,T,2:30 PM,3:50 PM,08/26/2026,12/11/2026,MAIN,FSC,363,,,,,,,
GENC 6110,A,3,Genetic Diagnosis & Lab Methods,Augustana Staff,W,2:00 PM,3:20 PM,08/26/2026,12/11/2026,MAIN,OFF,,,,,,,,
GENC 6120,A,2,Metabolic Genetics & NBS,Augustana Staff,R,1:30 PM,3:20 PM,08/26/2026,12/11/2026,MAIN,FSC,363,,,,,,,
GENC 6210,A,2,Communication/Interviewing Skill,Rebecca Loman,T,12:30 PM,2:20 PM,08/26/2026,12/11/2026,MAIN,FSC,363,,,,,,,
GENC 6301,A,2,Genetic Counseling I,Kaitlyn Drew Burns,R,9:00 AM,10:50 AM,08/26/2026,12/11/2026,MAIN,FSC,363,,,,,,,
GENC 6303,A,2,Genetic Counseling III,Heidi Albers,T,11:00 AM,12:50 PM,08/26/2026,12/11/2026,MAIN,OFF,,,,,,,,
GENC 6401,A,1,Genetic Counseling Research I,Megan Elizabeth Bell,T,8:45 AM,9:35 AM,08/26/2026,12/11/2026,MAIN,FSC,363,,,,,,,
GENC 6404,A,3,Genetic Counseling Research IV,Megan Elizabeth Bell,T,10:00 AM,10:50 AM,08/26/2026,12/11/2026,MAIN,OFF,,,,,,,,
GENC 6701,A,1,Genetics in the Community I,Paige Elizabeth Thompson,T,3:00 PM,3:50 PM,08/26/2026,12/11/2026,MAIN,OFF,,,,,,,,
GENC 6701,B,1,Genetics in the Community I,Augustana Staff,T,3:00 PM,3:50 PM,08/26/2026,12/11/2026,MAIN,OFF,,,,,,,,
GENC 6710,A,2,Ethics in Genetics and Biomed,Taylor Jane Berninger,T,1:30 PM,2:50 PM,08/26/2026,12/11/2026,MAIN,OFF,,,,,,,,
GENC 6941,A,2,Practicum in GC I,Dylan Michael Platt,,12:00 AM,12:00 AM,08/26/2026,12/11/2026,MAIN,OFF,,,,,,,,
GENC 6944,A,4,Practicum in GC IV,Rebecca Loman,,12:00 AM,12:00 AM,08/26/2026,12/11/2026,MAIN,OFF,,,,,,,,
GENC 6944,B,4,Practicum in GC IV,Taylor Jane Berninger,,12:00 AM,12:00 AM,08/26/2026,12/11/2026,MAIN,OFF,,,,,,,,
GENC 6944,C,4,Practicum in GC IV,Heidi Albers,,12:00 AM,12:00 AM,08/26/2026,12/11/2026,MAIN,OFF,,,,,,,,
GOVT 1010,A,3,Political Ideologies,Laura Dean,TR,12:15 PM,1:30 PM,08/26/2026,12/11/2026,MAIN,MC,153,,,,,,,
GENL 1000,A,2,Career Exploration & Engagement,Mary Toso; Sanna Strenge,MWF,2:00 PM,2:50 PM,08/26/2026,12/11/2026,MAIN,HUM,226,,,,,,,
GENL 1100,A,1,Becoming a Master Student,Tim Homan,TR,9:25 AM,10:15 AM,08/26/2026,12/11/2026,MAIN,HUM ,320,,,,,,,
GOVT 1010,B,3,Political Ideologies,Laura Dean,TR,1:40 PM,2:55 PM,08/26/2026,12/11/2026,MAIN,MC,153,,,,,,,
GOVT 1100,A,3,American Government,Emily Orchard Wanless,MWF,9:00 AM,9:50 AM,08/26/2026,12/11/2026,MAIN,MC,153,,US,Selective,,Human Beh & Soc Systems,Civic Knowledge,Informed Engagement
GOVT 1200,A,3,Intro to Comparative Politics,Jennapher Jeanne Lunde Seefeldt,MWF,1:00 PM,1:50 PM,08/26/2026,12/11/2026,MAIN,MC,257,,PW,Selective,,Connecting Across Culture,Cross-Cultural Literacy,Informed Engagement
GOVT 1200,B,3,Intro to Comparative Politics,Jennapher Jeanne Lunde Seefeldt,MWF,2:00 PM,2:50 PM,08/26/2026,12/11/2026,MAIN,MC,257,,PW,Selective,,Connecting Across Culture,Cross-Cultural Literacy,Informed Engagement
GOVT 1400,A,3,Introduction to Legal Studies,David Golemboski,TR,10:50 AM,12:05 PM,08/26/2026,12/11/2026,MAIN,MC,101,,,Selective,,Human Beh & Soc Systems,Analytical Reasoning,Civic Knowledge
GOVT 2100,A,3,"Elections,Public Opinion & Media",Emily Orchard Wanless,MWF,8:00 AM,8:50 AM,08/26/2026,12/11/2026,MAIN,MC,253,,,,,,,
GOVT 3300,A,3,International Law,Laura Dean,TR,9:25 AM,10:40 AM,08/26/2026,12/11/2026,MAIN,MC,257,,,,,,,
GOVT 3600,A,3,Environmental Politics,Jennapher Jeanne Lunde Seefeldt,MWF,11:00 AM,11:50 AM,08/26/2026,12/11/2026,MAIN,MC,264,,,,,,,
GOVT 4400,A,3,Con Law: Government Powers,David Golemboski,TR,12:15 PM,1:30 PM,08/26/2026,12/11/2026,MAIN,MC,264,,,,,,,
GOVT 4910,A,2,Research Seminar,Augustana Staff,,12:00 AM,12:00 AM,08/26/2026,12/11/2026,MAIN,OFF,,,W,Signature,Upper-Level Writing,,,
GOVT 4911,A,2,Honors Seminar,Augustana Staff,,12:00 AM,12:00 AM,08/26/2026,12/11/2026,MAIN,OFF,,,W,,,,,
GREK 2103,A,3,Intermediate Greek III,Rocki Wentzel,MWF,2:00 PM,2:50 PM,08/26/2026,12/11/2026,MAIN,HUM,227,,,,,,,
GSWS 4000,A,1,"Gndr, Sxulty Wmn Stdy Capstone",Spencier R. Ciaralli,MWF,11:00 AM,11:50 AM,08/26/2026,12/11/2026,MAIN,MC,120,,,Signature,Experiential ,,,
HIST 1100,A,3,West in the World I,John K Babb,MWF,12:00 PM,12:50 PM,08/26/2026,12/11/2026,MAIN,HUM,123,,WT,Selective,,Reading the Human Record,Analytical Reasoning,Critical Reading
HIST 1101,A,3,West in the World II,Margaret Preston,MWF,1:00 PM,1:50 PM,08/26/2026,12/11/2026,MAIN,HUM,319,,WT,Selective,,Reading the Human Record,Analytical Reasoning,Critical Reading
HIST 1300,A,3,America's Story to 1877,Will M Wright,MWF,9:00 AM,9:50 AM,08/26/2026,12/11/2026,MAIN,WGNR,138,,US,Selective,,Reading the Human Record,Critical Reading,Digital Literacy
HIST 1500,A,3,World History,Cornelius Conover,TR,9:25 AM,10:40 AM,08/26/2026,12/11/2026,MAIN,HUM,226,,PW,Selective,,Reading the Human Record,Digital Literacy,Informed Engagement
HIST 2440,A,3,U.S. Environmental History,John K Babb,MWF,11:00 AM,11:50 AM,08/26/2026,12/11/2026,MAIN,MC,201,,US,Selective,,Reading the Human Record,Care for Community/World,Written Communication
HIST 2521,A,3,"Hist of Latin America, 1450-2010",Cornelius Conover,TR,12:15 PM,1:30 PM,08/26/2026,12/11/2026,MAIN,HUM,226,,PW,Selective,,Connecting Across Culture,Critical Reading,Informed Engagement
HIST 2720,A,3,Foundations of Public History,Will M Wright,MWF,2:00 PM,2:50 PM,08/26/2026,12/11/2026,MAIN,HUM,301,,,,,,,
HLTH 1200,A,3,Nutrition,Jeffrey Messer,MWF,9:00 AM,9:50 AM,08/26/2026,12/11/2026,MAIN,FSC,113B,,WB,Foundational,,Well-Being,,
HLTH 1200,B,3,Nutrition,Augustana Staff,TR,1:40 PM,2:55 PM,08/26/2026,12/11/2026,MAIN,FSC,113A,,WB,Foundational,,Well-Being,,
HLTH 1200,C,3,Nutrition,Anna Rose Heronimus,,12:00 AM,12:00 AM,08/26/2026,12/11/2026,MAIN,OFF,,,WB,Foundational,,Well-Being,,
HLTH 1200,D,3,Nutrition,Tyler Maxwell,,12:00 AM,12:00 AM,08/26/2026,12/11/2026,MAIN,OFF,,,WB,Foundational,,Well-Being,,
HLTH 1200,E,3,Nutrition,Tyler Maxwell,,12:00 AM,12:00 AM,08/26/2026,12/11/2026,MAIN,OFF,,,WB,Foundational,,Well-Being,,
HLTH 1220,A,2,Personal Health,Kristine M. Zortman,MW,1:00 PM,1:50 PM,08/26/2026,12/11/2026,MAIN,MIDCO,178,,WB,Foundational,,Well-Being,,
JOUR 1110,A,3,News Reporting and Writing,Janet Blank-Libra,MWF,12:00 PM,12:50 PM,08/26/2026,12/11/2026,MAIN,HUM,301,,W,,,,,
JOUR 1941,A,1,Journalism Mirror Participation,Jeffrey S Miller,,12:00 AM,12:00 AM,08/26/2026,12/11/2026,MAIN,OFF,,,,,,,,
JOUR 1942,A,1,Journalism Edda Participation,Janet Blank-Libra,,12:00 AM,12:00 AM,08/26/2026,12/11/2026,MAIN,OFF,,,,,,,,
JOUR 2220,A,3,Editorial Skills,Jeffrey S Miller,TR,2:00 PM,3:15 PM,08/26/2026,12/11/2026,MAIN,CVA,181,,,,,,,
JOUR 2230,A,3,Photojournalism,Janet Blank-Libra,MWF,9:00 AM,9:50 AM,08/26/2026,12/11/2026,MAIN,CVA,181,,,,,,,
JOUR 3110,A,3,Advanced Journalism,Dennis G. Gale,TR,9:25 AM,10:40 AM,08/26/2026,12/11/2026,MAIN,HUM,102,,W,Signature,Upper-Level Writing,,,
LALC 3970,A,4,(Re)Conquering Iberia,Michael Rueter,TR,9:25 AM,10:40 AM,08/26/2026,12/11/2026,MAIN,HUM,319,,,,,,,
LATN 1101,A,3,Elementary Latin I,Rocki Wentzel,MWF,1:00 PM,1:50 PM,08/26/2026,12/11/2026,MAIN,HUM,320,,L1,,,,,
LEAD 5890,A,1,International Leadership Immersion:,James Arthur Sturdevant,,12:00 AM,12:00 AM,10/09/2026,10/18/2026,MAIN,ABRD,,,,,,,,
LEAD 6201,A,1,Leadship Sem I,James Arthur Sturdevant,R,6:30 PM,9:30 PM,08/26/2026,12/11/2026,MAIN,UWC,,,,,,,,
LEAD 6210,A,3,Ethical Leadership,James Arthur Sturdevant,R,6:30 PM,9:30 PM,08/26/2026,10/09/2026,MAIN,MC,101,,,,,,,
LEAD 6230,A,3,Leadership and the Law,Justin Clarke,T,6:30 PM,9:30 PM,08/26/2026,10/09/2026,MAIN,MC,101,,,,,,,
LEAD 6240,A,3,Creating and Executing Strategy,Diogo A Seixas,R,6:30 PM,9:30 PM,10/15/2026,12/11/2026,MAIN,MC,101,,,,,,,
LEAD 6950,A,3,Practicum in MBA & Ldrshp,James Arthur Sturdevant,,12:00 AM,12:00 AM,08/26/2026,12/11/2026,MAIN,OFF,,,,,,,,
MATH 1000,A,2,STEM Scholr Modelng&Vocatn (WB2),Nathan Conrad Grau,TR,10:50 AM,11:40 AM,08/26/2026,12/11/2026,MAIN,FSC,113A,,WB,Foundational,,Well-Being,,
MATH 1010,A,3,Quantitative Reasoning,Augustana Staff,MWF,1:00 PM,1:50 PM,08/26/2026,12/11/2026,MAIN,FSC,116,,MT,Selective,,Reasoning Mathematically,Analytical Reasoning,Quantitative Literacy
MATH 1010,B,3,Quantitative Reasoning,Augustana Staff,MWF,2:00 PM,2:50 PM,08/26/2026,12/11/2026,MAIN,MC,253,,MT,Selective,,Reasoning Mathematically,Analytical Reasoning,Quantitative Literacy
MATH 1101,A,3,Numbers & Operation for Teachers,Carl Olimb,MWF,9:00 AM,9:50 AM,08/26/2026,12/11/2026,MAIN,FSC,373,,,,,,,
MATH 1500,A,4,Pre-Calculus,Martha Terese Gregg,MTWF,11:00 AM,11:50 AM,08/26/2026,12/11/2026,MAIN,WGNR,138,,MT,Selective,,Reasoning Mathematically,Analytical Reasoning,Quantitative Literacy
MATH 1501,A,4,Calculus I,Martha Terese Gregg,MTWF,9:00 AM,9:50 AM,08/26/2026,12/11/2026,MAIN,MC,257,,MT,Selective,,Reasoning Mathematically,Analytical Reasoning,Quantitative Literacy
MATH 1501,B,4,Calculus I,Augustana Staff,MTWF,11:00 AM,11:50 AM,08/26/2026,12/11/2026,MAIN,FSC,113B,,MT,Selective,,Reasoning Mathematically,Analytical Reasoning,Quantitative Literacy
MATH 1501,C,4,Calculus I,Martha Terese Gregg,MTWF,12:00 PM,12:50 PM,08/26/2026,12/11/2026,MAIN,FSC,113B,,MT,Selective,,Reasoning Mathematically,Analytical Reasoning,Quantitative Literacy
MATH 1502,A,4,Calculus II,Derek Vasquez,MTWF,8:00 AM,8:50 AM,08/26/2026,12/11/2026,MAIN,FSC,373,,,,,,,
MATH 1502,B,4,Calculus II,Carl Olimb,MTWF,12:00 PM,12:50 PM,08/26/2026,12/11/2026,MAIN,FSC,214,,,,,,,
MATH 1610,A,3,Intro to Statistics using R,Mariam Khachatryan,MWF,1:00 PM,1:50 PM,08/26/2026,12/11/2026,MAIN,FSC,373,,MT,Selective,,Reasoning Mathematically,Analytical Reasoning,Quantitative Literacy
MATH 1610,B,3,Intro to Statistics using R,Mariam Khachatryan,MWF,2:00 PM,2:50 PM,08/26/2026,12/11/2026,MAIN,FSC,373,,MT,Selective,,Reasoning Mathematically,Analytical Reasoning,Quantitative Literacy
MATH 2210,A,3,Foundations of Mathematics,George Nasr,MWF,2:00 PM,2:50 PM,08/26/2026,12/11/2026,MAIN,WGNR,138,,,,,,,
MATH 2510,A,3,Differential Equations,George Nasr,MWF,9:00 AM,9:50 AM,08/26/2026,12/11/2026,MAIN,MC,257,,,,,,,
MATH 3602,A,3,Probability,Mariam Khachatryan,TR,10:50 AM,12:05 PM,08/26/2026,12/11/2026,MAIN,FSC,373,,,,,,,
MATH 4401,A,3,Abstract Algebra,George Nasr,TR,9:25 AM,10:40 AM,08/26/2026,12/11/2026,MAIN,FSC,373,,,,,,,
MDST 1400,A,3,Media and Society,Kathleen E McCollough,MWF,2:00 PM,2:50 PM,08/26/2026,12/11/2026,MAIN,HUM,302,,SS,Selective,,Human Beh & Soc Systems,Care for Community/World,Civic Knowledge
MDST 2500,A,3,Introduction to Digital Media,Kathleen E McCollough,TR,1:40 PM,2:55 PM,08/26/2026,12/11/2026,MAIN,HUM,302,,,,,,,
MGMT 1210,A,3,Introduction to Leadership,Diogo A Seixas,MWF,1:00 PM,1:50 PM,08/26/2026,12/11/2026,MAIN,MC,103,,,,,,,
MGMT 1210,B,3,Introduction to Leadership,Diogo A Seixas,MWF,2:00 PM,2:50 PM,08/26/2026,12/11/2026,MAIN,MC,103,,,,,,,
MGMT 2210,A,3,Principles of Management,Diogo A Seixas,MWF,8:00 AM,8:50 AM,08/26/2026,12/11/2026,MAIN,MC,257,,,,,,,
MGMT 2210,B,3,Principles of Management,Scott James Schmidt,MWF,11:00 AM,11:50 AM,08/26/2026,12/11/2026,MAIN,MC,103,,,,,,,
MGMT 3210,A,3,Human Resource Management,Jaekyo Seo,MWF,8:00 AM,8:50 AM,08/26/2026,12/11/2026,MAIN,MC,255,,,,,,,
MGMT 3210,B,3,Human Resource Management,Jaekyo Seo,MWF,9:00 AM,9:50 AM,08/26/2026,12/11/2026,MAIN,MC,255,,,,,,,
MGMT 4230,A,3,Strategic Management,Zahidul Karim,MWF,1:00 PM,1:50 PM,08/26/2026,12/11/2026,MAIN,MC,102,,,,,,,
MPRO 1000,A,1,MPRO Workshop,Frank Douglas Cook,T,9:25 AM,10:40 AM,08/26/2026,12/11/2026,MAIN,HUM,47,,,,,,,
MPRO 1311,A,3,Sibelius I,Anna Vorhes,TR,8:00 AM,9:15 AM,08/26/2026,12/11/2026,MAIN,HUM,231,,,,,,,
MPRO 2111,A,3,Pro Tools Fundamentals I,Scott D Jibben,MWF,11:00 AM,11:50 AM,08/26/2026,12/11/2026,MAIN,HUM,231,,,,,,,
MPRO 2161,A,3,Audio Prod. Across Platforms,Frank Douglas Cook,ONLN,,,08/26/2026,12/11/2026,MAIN,ONLN,ONLN,,,,,,,
MPRO 2261,A,3,Videography I,Christopher Brian Knutson,MWF,1:00 PM,1:50 PM,08/26/2026,12/11/2026,MAIN,HUM,231,,,,,,,
MPRO 3113,A,3,Pro Tools Production I,Frank Douglas Cook,TR,12:15 PM,1:30 PM,08/26/2026,12/11/2026,MAIN,HUM,231,,,,,,,
MPRO 4115,A,3,Adv Music Production Techniques,Frank Douglas Cook,TR,10:50 AM,12:05 PM,08/26/2026,12/11/2026,MAIN,HUM,231,,,,,,,
MRKT 2110,A,3,Principles of Marketing,Aihui Ding,MWF,8:00 AM,8:50 AM,08/26/2026,12/11/2026,MAIN,HUM,123,,,,,,,
MRKT 2110,B,3,Principles of Marketing,Aihui Ding,MWF,1:00 PM,1:50 PM,08/26/2026,12/11/2026,MAIN,HUM,123,,,,,,,
MRKT 3110,A,3,Marketing Promotions,Matthew Willard,TR,9:25 AM,10:40 AM,08/26/2026,12/11/2026,MAIN,MC,201,,,,,,,
MRKT 4110,A,3,Marketing Research,Aihui Ding,TR,10:50 AM,12:05 PM,08/26/2026,12/11/2026,MAIN,MC,257,,,,,,,
MRKT 6610,A,3,Managerial Marketing,Matthew Willard,W,6:30 PM,9:30 PM,08/26/2026,10/09/2026,MAIN,MC,201,,,,,,,
MUSI 0000,A,1,Ensemble Participation,,,12:00 AM,12:00 AM,08/26/2026,12/11/2026,MAIN,HUM,,,,,,,,
MUSI 1000,A,1,Augustana Band,Christopher G Unger,MWR,4:00 PM,5:30 PM,08/26/2026,12/11/2026,MAIN,HUM,168,,,,,,,
MUSI 1001,A,1,Northlanders Jazz Band,Brian S Hanegan,MWF,12:00 PM,12:50 PM,08/26/2026,12/11/2026,MAIN,HUM,168,,,,,,,
MUSI 1003,A,1,Viking Marching Band,Boyd Bronson Perkins,TR,5:45 PM,7:30 PM,08/26/2026,12/11/2026,MAIN,HUM,168,,,,,,,
MUSI 1003,A,1,Viking Marching Band,,,12:00 AM,12:00 AM,08/26/2026,12/11/2026,MAIN,,,,,,,,,
MUSI 1010,A,1,Augustana Orchestra,Christopher G Unger,T,4:00 PM,5:30 PM,08/26/2026,12/11/2026,MAIN,HUM,168,,,,,,,
MUSI 1010,A,1,Augustana Orchestra,Christopher G Unger,W,6:30 PM,9:30 PM,08/26/2026,12/11/2026,MAIN,HUM,168,,,,,,,
MUSI 1010,A,1,Augustana Orchestra,Christopher G Unger,R,4:00 PM,5:30 PM,08/26/2026,12/11/2026,MAIN,HUM,168,,,,,,,
MUSI 1020,A,1,Augustana Choir,Russell P. Svenningsen,MTWR,4:00 PM,5:30 PM,08/26/2026,12/11/2026,MAIN,HUM,173,,,,,,,
MUSI 1021,A,1,Angelus Choir,Natalie Marie Campbell,MTWR,4:00 PM,4:50 PM,08/26/2026,12/11/2026,MAIN,HUM,177,,,,,,,
MUSI 1022,A,1,VikingKor Choir,Russell P. Svenningsen,MTWF,3:00 PM,3:50 PM,08/26/2026,12/11/2026,MAIN,HUM,173,,,,,,,
MUSI 1030,,0,Colloquium,Russell P. Svenningsen,R,3:00 PM,3:50 PM,08/26/2026,12/11/2026,MAIN,HUM,177,,,,,,,
MUSI 1100,A,1,Chamber Ensemble: Brass Choir,,MW,3:00 PM,3:50 PM,08/26/2026,12/11/2026,MAIN,HUM,177,,,,,,,
MUSI 1101,A,1,Brass Quintet,,F,3:00 PM,3:50 PM,08/26/2026,12/11/2026,MAIN,HUM,177,,,,,,,
MUSI 1104,A,1,Trombone Choir,Matthew Charles Erickson,T,3:00 PM,3:50 PM,08/26/2026,12/11/2026,MAIN,HUM,177,,,,,,,
MUSI 1105,A,1,Tuba/Euph. Ensemble,Michael Lynn Andersen,W,5:30 PM,6:30 PM,08/26/2026,12/11/2026,MAIN,HUM,177,,,,,,,
MUSI 1110,A,1,Collaborative Piano,Isabella Kumagai,,12:00 AM,12:00 AM,08/26/2026,12/11/2026,MAIN,HUM,146,,,,,,,
MUSI 1120,A,1,Augie Rock Combo,Jeremy James Hegg,W,3:00 PM,3:50 PM,08/26/2026,12/11/2026,MAIN,HUM,28,,,,,,,
MUSI 1121,A,1,Jazz Combo,Brian S Hanegan,T,3:00 PM,3:50 PM,08/26/2026,12/11/2026,MAIN,HUM,28,,,,,,,
MUSI 1123,A,1,Tech Ensemble,Scott D Jibben,W,3:00 PM,3:50 PM,08/26/2026,12/11/2026,MAIN,HUM,28,,,,,,,
MUSI 1130,A,1,Drum Line,,,3:00 PM,3:50 PM,08/26/2026,12/11/2026,MAIN,HUM,168,,,,,,,
MUSI 1131,A,1,Percussion Ensemble,Daniel E. Sailer,MW,3:00 PM,3:50 PM,08/26/2026,12/11/2026,MAIN,HUM,168,,,,,,,
MUSI 1140,A,1,String Quartet 1,Robert Erhard,T,3:00 PM,3:50 PM,08/26/2026,12/11/2026,MAIN,HUM,54,,,,,,,
MUSI 1140,B,1,String Quartet 2,Ioana Galu,T,3:00 PM,3:50 PM,08/26/2026,12/11/2026,MAIN,HUM,24,,,,,,,
MUSI 1140,C,1,Augustana Chamber Orchestra,Ioana Galu,T,6:30 PM,8:30 PM,08/26/2026,12/11/2026,MAIN,HUM,177,,,,,,,
MUSI 1151,A,1,Flute Choir,Emily Beth Anderson,W,5:30 PM,6:20 PM,08/26/2026,12/11/2026,MAIN,HUM,173,,,,,,,
MUSI 1152,A,1,Saxophone Ensemble,Ryan K Millikan,R,5:30 PM,6:20 PM,08/26/2026,12/11/2026,MAIN,HUM,54,,,,,,,
MUSI 1153,A,1,Woodwind Choir,Angela Marie Larson,T,4:30 PM,5:20 PM,08/26/2026,12/11/2026,MAIN,HUM,145,,,,,,,
MUSI 1160,A,1,Augustana Bach Collegium,David Chin,TF,3:00 PM,3:50 PM,08/26/2026,12/11/2026,MAIN,CHPL,100,,,,,,,
MUSI 1200,A,3,The Understanding of Music,Dana Gail LeVan,,12:00 AM,12:00 AM,08/26/2026,12/11/2026,MAIN,ONLN,ONLN,Online,A,Selective,,Engaging the Arts,Critical Reading,
MUSI 1200,B,3,The Understanding of Music,Dana Gail LeVan,,12:00 AM,12:00 AM,08/26/2026,12/11/2026,MAIN,ONLN,ONLN,Online,A,Selective,,Engaging the Arts,Critical Reading,
MUSI 1201,A,3,"Blues, Jazz, and Rock",Brian S Hanegan,TR,10:50 AM,12:05 PM,08/26/2026,12/11/2026,MAIN,HUM,168,,US,Selective,,Engaging the Arts,Cross-Cultural Literacy,
MUSI 1201,B,3,"Blues, Jazz, and Rock",Leo Taylor,,12:00 AM,12:00 AM,08/26/2026,12/11/2026,MAIN,ONLN,ONLN,Online,US,Selective,,Engaging the Arts,Cross-Cultural Literacy,
MUSI 1300,A,2,Music Theory I,David Chin,MWF,1:00 PM,1:50 PM,08/26/2026,12/11/2026,MAIN,HUM,146,,A,Selective,,Engaging the Arts,Analytical Reasoning,
MUSI 1310,A,1,Aural Skills Lab,Isabella Kumagai,TR,12:15 PM,1:05 PM,08/26/2026,12/11/2026,MAIN,HUM,145,,A,,,,,
MUSI 1400,A,1,Beginning Guitar Class I,Geoffrey Clark Gunderson,TR,8:00 AM,9:15 AM,08/26/2026,12/11/2026,MAIN,HUM,146,,,,,,,
MUSI 1401,A,1,Beginning Guitar Class II,Geoffrey Clark Gunderson,TR,9:25 AM,10:40 AM,08/26/2026,12/11/2026,MAIN,HUM,146,,,,,,,
MUSI 1410,A,1,Beginning Class Piano I,Isabella Kumagai,MWF,8:00 AM,8:50 AM,08/26/2026,12/11/2026,MAIN,HUM,146,,,,,,,
MUSI 1500,A,3,Intro to Music Technology,Scott D Jibben,MWF,9:00 AM,9:50 AM,08/26/2026,12/11/2026,MAIN,HUM,231,,,,,,,
MUSI 1610,A,1,Applied Lessons: Trumpet(30 min),Scott S. Olson,,12:00 AM,12:00 AM,08/26/2026,12/11/2026,MAIN,HUM,13,Lessons,,,,,,
MUSI 1610,B,1,Applied Lessons: Trumpet(30 min),Lon Barry Semansky,,12:00 AM,12:00 AM,08/26/2026,12/11/2026,MAIN,HUM,13,Lessons,,,,,,
MUSI 1611,C,1,Applied Lessons: FrHorn (30 min),Andrea Kay Carlson,,12:00 AM,12:00 AM,08/26/2026,12/11/2026,MAIN,HUM,13,Lessons,,,,,,
MUSI 1612,D,1,Appl Lessons: Trombone (30 min),Matthew Charles Erickson,,12:00 AM,12:00 AM,08/26/2026,12/11/2026,MAIN,HUM,10,Lessons,,,,,,
MUSI 1613,D,1,Appl Lessons: Euphonium (30 min),Matthew Charles Erickson,,12:00 AM,12:00 AM,08/26/2026,12/11/2026,MAIN,HUM,10,Lessons,,,,,,
MUSI 1614,E,1,Applied Lessons: Tuba (30 min),Michael Lynn Andersen,,12:00 AM,12:00 AM,08/26/2026,12/11/2026,MAIN,HUM,10,Lessons,,,,,,
MUSI 1620,A,1,Applied Lessons: Organ (30 min),Matthew Thomas Tylutki,,12:00 AM,12:00 AM,08/26/2026,12/11/2026,MAIN,HUM,14,Lessons,,,,,,
MUSI 1621,C,1,Applied Lessons: Piano (30 min),Isabella Kumagai,,12:00 AM,12:00 AM,08/26/2026,12/11/2026,MAIN,HUM,14,Lessons,,,,,,
MUSI 1630,A,1,Appl Lessons: Comm Bass (30 min),Andrew Zane Reinartz,,12:00 AM,12:00 AM,08/26/2026,12/11/2026,MAIN,HUM,24,Lessons,,,,,,
MUSI 1631,B,1,Appl Lssns: Comm Guitar (30 min),Micah Jon Wetzel,,12:00 AM,12:00 AM,08/26/2026,12/11/2026,MAIN,HUM,28,Lessons,,,,,,
MUSI 1632,C,1,App Lssn: Comm Keyboard (30 min),Jeremy James Hegg,,12:00 AM,12:00 AM,08/26/2026,12/11/2026,MAIN,HUM,152,Lessons,,,,,,
MUSI 1633,D,1,App Lessn: Comm Trumpet (30 min),Jim A. Speirs,,12:00 AM,12:00 AM,08/26/2026,12/11/2026,MAIN,HUM,10,Lessons,,,,,,
MUSI 1640,A,1,Appl Lesson: Percussion (30 min),Leo Taylor,,12:00 AM,12:00 AM,08/26/2026,12/11/2026,MAIN,HUM,52,Lessons,,,,,,
MUSI 1650,A,1,Applied Lessons: Violin (30 min),Ioana Galu,,12:00 AM,12:00 AM,08/26/2026,12/11/2026,MAIN,HUM,5,Lessons,,,,,,
MUSI 1650,B,1,Applied Lessons: Violin (30 min),Magdalena Modzelewska,,12:00 AM,12:00 AM,08/26/2026,12/11/2026,MAIN,HUM,4,Lessons,,,,,,
MUSI 1651,C,1,Applied Lessons: Viola (30 min),Maria Peters,,12:00 AM,12:00 AM,08/26/2026,12/11/2026,MAIN,HUM,11,Lessons,,,,,,
MUSI 1652,D,1,App Lesson: Violincello (30 min),Robert Erhard,,12:00 AM,12:00 AM,08/26/2026,12/11/2026,MAIN,HUM,24,Lessons,,,,,,
MUSI 1653,E,1,Applied Lessons: Bass (30 min),John B. Casey,,12:00 AM,12:00 AM,08/26/2026,12/11/2026,MAIN,HUM,24,Lessons,,,,,,
MUSI 1654,G,1,Applied Lessons: Guitar (30 min),Geoffrey Clark Gunderson,,12:00 AM,12:00 AM,08/26/2026,12/11/2026,MAIN,HUM,12,Lessons,,,,,,
MUSI 1655,H,1,Applied Lessons: Harp (30 min),Anna Vorhes,,12:00 AM,12:00 AM,08/26/2026,12/11/2026,MAIN,HUM,160,Lessons,,,,,,
MUSI 1660,A,1,Applied Lessons: Flute (30 min),Emily Beth Anderson,,12:00 AM,12:00 AM,08/26/2026,12/11/2026,MAIN,HUM,7,Lessons,,,,,,
MUSI 1661,D,1,Appld Lessons: Clarinet (30 min),Angela Marie Larson,,12:00 AM,12:00 AM,08/26/2026,12/11/2026,MAIN,HUM,7,Lessons,,,,,,
MUSI 1663,F,1,Appld Lessons: Bassoon (30 min),John Tomkins,,12:00 AM,12:00 AM,08/26/2026,12/11/2026,MAIN,HUM,7,Lessons,,,,,,
MUSI 1664,H,1,Appl Lessons: Saxophone (30 min),Ryan K Millikan,,12:00 AM,12:00 AM,08/26/2026,12/11/2026,MAIN,HUM,45,Lessons,,,,,,
MUSI 1670,A,1,Applied Lessons: Voice (30 min),Russell P. Svenningsen,,12:00 AM,12:00 AM,08/26/2026,12/11/2026,MAIN,HUM,135,Lessons,,,,,,
MUSI 1670,B,1,Applied Lessons: Voice (30 min),Natalie Marie Campbell,,12:00 AM,12:00 AM,08/26/2026,12/11/2026,MAIN,HUM,137,Lessons,,,,,,
MUSI 1670,D,1,Applied Lessons: Voice (30 min),Carmelita Guse,,12:00 AM,12:00 AM,08/26/2026,12/11/2026,MAIN,HUM,3,Lessons,,,,,,
MUSI 1670,E,1,Applied Lessons: Voice (30 min),Andrea Ross,,12:00 AM,12:00 AM,08/26/2026,12/11/2026,MAIN,HUM,3,Lessons,,,,,,
MUSI 1670,F,1,Applied Lessons: Voice (30 min),Judith Schreck,,12:00 AM,12:00 AM,08/26/2026,12/11/2026,MAIN,HUM,149,Lessons,,,,,,
MUSI 1670,G,1,Applied Lessons: Voice (30 min),Elizabeth Caroline Whitehead,,12:00 AM,12:00 AM,08/26/2026,12/11/2026,MAIN,HUM,150,Lessons,,,,,,
MUSI 1670,H,1,Applied Lessons: Voice (30 min),Peter Tuff,,12:00 AM,12:00 AM,08/26/2026,12/11/2026,MAIN,HUM,45,Lessons,,,,,,
MUSI 1670,I,1,Applied Lessons: Voice (30 min),Benjamin Sieverding,,12:00 AM,12:00 AM,08/26/2026,12/11/2026,MAIN,HUM,150,Lessons,,,,,,
MUSI 1680,A,1,Applied Comp. Lessons (30 min),Jeremy James Hegg,,12:00 AM,12:00 AM,08/26/2026,12/11/2026,MAIN,HUM,152,Lessons,,,,,,
MUSI 1710,A,1,Applied Lessons: Trumpet(50 min),Scott S. Olson,,12:00 AM,12:00 AM,08/26/2026,12/11/2026,MAIN,HUM,13,Lessons,,,,,,
MUSI 1711,C,1,Applied Lessons: FrHorn (50 min),Andrea Kay Carlson,,12:00 AM,12:00 AM,08/26/2026,12/11/2026,MAIN,HUM,13,Lessons,,,,,,
MUSI 1712,D,1,Appl Lessons: Trombone (50 min),Matthew Charles Erickson,,12:00 AM,12:00 AM,08/26/2026,12/11/2026,MAIN,HUM,10,Lessons,,,,,,
MUSI 1713,D,1,Appl Lessons: Euphonium (50 min),Matthew Charles Erickson,,12:00 AM,12:00 AM,08/26/2026,12/11/2026,MAIN,HUM,10,Lessons,,,,,,
MUSI 1714,E,1,Applied Lessons: Tuba (50 min),Michael Lynn Andersen,,12:00 AM,12:00 AM,08/26/2026,12/11/2026,MAIN,HUM,10,Lessons,,,,,,
MUSI 1720,A,1,Applied Lessons: Organ (50 min),Matthew Thomas Tylutki,,12:00 AM,12:00 AM,08/26/2026,12/11/2026,MAIN,HUM,14,Lessons,,,,,,
MUSI 1721,B,1,Applied Lessons: Piano (50 min),Matthew Whitaker LLC,,12:00 AM,12:00 AM,08/26/2026,12/11/2026,MAIN,HUM,158,Lessons,,,,,,
MUSI 1721,C,1,Applied Lessons: Piano (50 min),Isabella Kumagai,,12:00 AM,12:00 AM,08/26/2026,12/11/2026,MAIN,HUM,158,Lessons,,,,,,
MUSI 1730,A,1,Appl Lessons: Comm Bass (50 min),Andrew Zane Reinartz,,12:00 AM,12:00 AM,08/26/2026,12/11/2026,MAIN,HUM,24,Lessons,,,,,,
MUSI 1731,B,1,Appl Lssns: Comm Guitar (50 min),Micah Jon Wetzel,,12:00 AM,12:00 AM,08/26/2026,12/11/2026,MAIN,HUM,28,Lessons,,,,,,
MUSI 1732,C,1,App Lssn: Comm Keyboard (50 min),Jeremy James Hegg,,12:00 AM,12:00 AM,08/26/2026,12/11/2026,MAIN,HUM,152,Lessons,,,,,,
MUSI 1733,D,1,App Lessn: Comm Trumpet (50 min),Jim A. Speirs,,12:00 AM,12:00 AM,08/26/2026,12/11/2026,MAIN,HUM,10,Lessons,,,,,,
MUSI 1740,A,1,Appl Lesson: Percussion (50 min),Leo Taylor,,12:00 AM,12:00 AM,08/26/2026,12/11/2026,MAIN,HUM,52,Lessons,,,,,,
MUSI 1750,A,1,Applied Lessons: Violin (50 min),Ioana Galu,,12:00 AM,12:00 AM,08/26/2026,12/11/2026,MAIN,HUM,5,Lessons,,,,,,
MUSI 1750,B,1,Applied Lessons: Violin (50 min),Magdalena Modzelewska,,12:00 AM,12:00 AM,08/26/2026,12/11/2026,MAIN,HUM,4,Lessons,,,,,,
MUSI 1751,A,1,Applied Lessons: Viola (50 min),Ioana Galu,,12:00 AM,12:00 AM,08/26/2026,12/11/2026,MAIN,HUM,5,Lessons,,,,,,
MUSI 1760,B,1,Applied Lessons: Flute (50 min),William Cedeno,,12:00 AM,12:00 AM,08/26/2026,12/11/2026,MAIN,HUM,7,Lessons,,,,,,
MUSI 1761,C,1,Appld Lessons: Clarinet (50 min),Irina Chang,,12:00 AM,12:00 AM,08/26/2026,12/11/2026,MAIN,HUM,7,Lessons,,,,,,
MUSI 1762,E,1,Applied Lessons: Oboe (50 min),Jeffrey L. Paul,,12:00 AM,12:00 AM,08/26/2026,12/11/2026,MAIN,HUM,7,Lessons,,,,,,
MUSI 1764,G,1,Appl Lessons: Saxophone (50 min),Brian S Hanegan,,12:00 AM,12:00 AM,08/26/2026,12/11/2026,MAIN,HUM,,Lessons,,,,,,
MUSI 1770,A,1,Applied Lessons: Voice (50 min),Russell P. Svenningsen,,12:00 AM,12:00 AM,08/26/2026,12/11/2026,MAIN,HUM,135,Lessons,,,,,,
MUSI 1770,B,1,Applied Lessons: Voice (50 min),Natalie Marie Campbell,,12:00 AM,12:00 AM,08/26/2026,12/11/2026,MAIN,HUM,137,Lessons,,,,,,
MUSI 1770,E,1,Applied Lessons: Voice (50 min),Andrea Ross,,12:00 AM,12:00 AM,08/26/2026,12/11/2026,MAIN,HUM,3,Lessons,,,,,,
MUSI 1770,F,1,Applied Lessons: Voice (50 min),Judith Schreck,,12:00 AM,12:00 AM,08/26/2026,12/11/2026,MAIN,HUM,149,Lessons,,,,,,
MUSI 1780,A,1,Applied Comp. Lessons (50 min),Jeremy James Hegg,,12:00 AM,12:00 AM,08/26/2026,12/11/2026,MAIN,HUM,152,Lessons,,,,,,
MUSI 2210,A,3,Music History & Lit to 1750,David Chin,TR,10:50 AM,12:05 PM,08/26/2026,12/11/2026,MAIN,HUM,145,,WT,Selective,,Reading the Human Record,Critical Reading,Cross-Cultural Literacy
MUSI 2300,A,2,Music Theory III,Jeremy James Hegg,MWF,2:00 PM,2:50 PM,08/26/2026,12/11/2026,MAIN,HUM,145,,,,,,,
MUSI 2400,A,1,Intermediate Guitar Class I,Geoffrey Clark Gunderson,TR,9:25 AM,10:40 AM,08/26/2026,12/11/2026,MAIN,HUM,146,,,,,,,
MUSI 2401,A,1,Intermediate Guitar Class II,Geoffrey Clark Gunderson,TR,9:25 AM,10:40 AM,08/26/2026,12/11/2026,MAIN,HUM,146,,,,,,,
MUSI 2410,A,1,Intermediate Class Piano I,Isabella Kumagai,MWF,9:00 AM,9:50 AM,08/26/2026,12/11/2026,MAIN,HUM,146,,,,,,,
MUSI 2421,A,2,Singers Diction,Natalie Marie Campbell,MWF,9:00 AM,9:50 AM,08/26/2026,12/11/2026,MAIN,HUM,145,,,,,,,
MUSI 2423,A,2,String Pedagogy & Performance,Maria Peters,TR,8:00 AM,9:15 AM,08/26/2026,12/11/2026,MAIN,HUM,54,,,,,,,
MUSI 3210,A,3,Music Hist/Lit NonWest,Anna Vorhes,TR,9:25 AM,10:40 AM,08/26/2026,12/11/2026,MAIN,HUM,145,,"PW, W","Selective, Signature",Upper-Level Writing,Connecting Across Culture,Cross-Cultural Literacy,Written Communication
MUSI 3431,A,3,Secondary Choral Methods,Boyd Bronson Perkins,MWF,1:00 PM,1:50 PM,08/26/2026,12/11/2026,MAIN,HUM,173,,,,,,,
MUSI 3441,A,3,Advanced Conducting,Christopher G Unger,TR,12:15 PM,1:05 PM,08/26/2026,12/11/2026,MAIN,HUM,173,,,,,,,
MUSI 3710,A,1,Applied Lessons: Trumpet(50 min),Scott S. Olson,,12:00 AM,12:00 AM,08/26/2026,12/11/2026,MAIN,HUM,13,Lessons,,,,,,
MUSI 3710,B,1,Applied Lessons: Trumpet(50 min),Lon Barry Semansky,,12:00 AM,12:00 AM,08/26/2026,12/11/2026,MAIN,HUM,13,Lessons,,,,,,
MUSI 3712,D,1,Appl Lessons: Trombone (50 min),Matthew Charles Erickson,,12:00 AM,12:00 AM,08/26/2026,12/11/2026,MAIN,HUM,10,Lessons,,,,,,
MUSI 3713,D,1,Appl Lessons: Euphonium (50 min),Matthew Charles Erickson,,12:00 AM,12:00 AM,08/26/2026,12/11/2026,MAIN,HUM,10,Lessons,,,,,,
MUSI 3714,E,1,Applied Lessons: Tuba (50 min),Michael Lynn Andersen,,12:00 AM,12:00 AM,08/26/2026,12/11/2026,MAIN,HUM,10,Lessons,,,,,,
MUSI 3721,B,1,Applied Lessons: Piano (50 min),Matthew Whitaker LLC,,12:00 AM,12:00 AM,08/26/2026,12/11/2026,MAIN,HUM,158,Lessons,,,,,,
MUSI 3730,A,1,Appl Lessons: Comm Bass (50 min),Andrew Zane Reinartz,,12:00 AM,12:00 AM,08/26/2026,12/11/2026,MAIN,HUM,24,Lessons,,,,,,
MUSI 3731,B,1,Appl Lssns: Comm Guitar (50 min),Micah Jon Wetzel,,12:00 AM,12:00 AM,08/26/2026,12/11/2026,MAIN,HUM,28,Lessons,,,,,,
MUSI 3732,C,1,App Lssn: Comm Keyboard (50 min),Jeremy James Hegg,,12:00 AM,12:00 AM,08/26/2026,12/11/2026,MAIN,HUM,152,Lessons,,,,,,
MUSI 3733,D,1,App Lessn: Comm Trumpet (50 min),Jim A. Speirs,,12:00 AM,12:00 AM,08/26/2026,12/11/2026,MAIN,HUM,10,Lessons,,,,,,
MUSI 3740,A,1,Appl Lesson: Percussion (50 min),Leo Taylor,,12:00 AM,12:00 AM,08/26/2026,12/11/2026,MAIN,HUM,52,Lessons,,,,,,
MUSI 3750,A,1,Applied Lessons: Violin (50 min),Ioana Galu,,12:00 AM,12:00 AM,08/26/2026,12/11/2026,MAIN,HUM,5,Lessons,,,,,,
MUSI 3751,A,1,Applied Lessons: Viola (50 min),Ioana Galu,,12:00 AM,12:00 AM,08/26/2026,12/11/2026,MAIN,HUM,5,Lessons,,,,,,
MUSI 3753,E,1,Applied Lessons: Bass (50 min),John B. Casey,,12:00 AM,12:00 AM,08/26/2026,12/11/2026,MAIN,HUM,24,Lessons,,,,,,
MUSI 3762,E,1,Applied Lessons: Oboe (50 min),Jeffrey L. Paul,,12:00 AM,12:00 AM,08/26/2026,12/11/2026,MAIN,HUM,7,Lessons,,,,,,
MUSI 3764,G,1,Appl Lessons: Saxophone (50 min),Brian S Hanegan,,12:00 AM,12:00 AM,08/26/2026,12/11/2026,MAIN,HUM,,Lessons,,,,,,
MUSI 3770,A,1,Applied Lessons: Voice (50 min),Russell P. Svenningsen,,12:00 AM,12:00 AM,08/26/2026,12/11/2026,MAIN,HUM,135,Lessons,,,,,,
MUSI 3770,B,1,Applied Lessons: Voice (50 min),Natalie Marie Campbell,,12:00 AM,12:00 AM,08/26/2026,12/11/2026,MAIN,HUM,137,Lessons,,,,,,
MUSI 3770,E,1,Applied Lessons: Voice (50 min),Andrea Ross,,12:00 AM,12:00 AM,08/26/2026,12/11/2026,MAIN,HUM,3,Lessons,,,,,,
MUSI 3770,F,1,Applied Lessons: Voice (50 min),Judith Schreck,,12:00 AM,12:00 AM,08/26/2026,12/11/2026,MAIN,HUM,149,Lessons,,,,,,
NAST 2101,A,3,Native American Social Systems,Susan Claussen Bunger,M,6:00 PM,9:00 PM,08/26/2026,12/11/2026,MAIN,MC,201,,PW,Selective,,Connecting Across Culture,Cross-Cultural Literacy,Informed Engagement
NEUR 4000,A,1,Neuroscience Seminar,Alexander D Kloth,W,7:00 PM,8:00 PM,08/26/2026,12/11/2026,MAIN,FSC,371,,,Signature,Experiential Course,,,
NURS 2200,A,1,Medical Terminology,Isabel Bosch,,12:00 AM,12:00 AM,08/26/2026,12/11/2026,MAIN,OFF,ONLN,OFF,,,,,,
NURS 2210,A,3,Foundation of Nursing Practice I,Isabel Bosch,MWF,8:00 AM,8:50 AM,08/26/2026,12/11/2026,MAIN,FSC,270,,,Selective,,Integrating Ideas,Digital Literacy,
NURS 2210,B,3,Foundation of Nursing Practice I,Isabel Bosch,MWF,9:00 AM,9:50 AM,08/26/2026,12/11/2026,MAIN,FSC,270,,,Selective,,Integrating Ideas,Digital Literacy,
NURS 3311,A,5,Foundation Nursing Practice II,Emily A Menssen,MW,12:00 PM,12:50 PM,08/26/2026,12/11/2026,MAIN,FSC,270,,,,,,,
NURS 3311,A,5,Foundation Nursing Practice II,Bethany C. Karel,F,12:00 PM,12:50 PM,08/26/2026,12/11/2026,MAIN,FSC,270,,,,,,,
NURS 3311,B,5,Foundation Nursing Practice II,Emily A Menssen,MW,1:00 PM,1:50 PM,08/26/2026,12/11/2026,MAIN,FSC,270,,,,,,,
NURS 3311,B,5,Foundation Nursing Practice II,Bethany C. Karel,F,1:00 PM,1:50 PM,08/26/2026,12/11/2026,MAIN,FSC,270,,,,,,,
NURS 3311,C,5,Foundation Nursing Practice II,Emily A Menssen,MW,2:00 PM,2:50 PM,08/26/2026,12/11/2026,MAIN,FSC,270,,,,,,,
NURS 3311,C,5,Foundation Nursing Practice II,Bethany C. Karel,F,2:00 PM,2:50 PM,08/26/2026,12/11/2026,MAIN,FSC,270,,,,,,,
NURS 3320,A,3,Health Assessment,Pamela A Barthle,MW,8:00 AM,8:50 AM,08/26/2026,12/11/2026,MAIN,FSC,268,,,,,,,
NURS 3320,A,3,Health Assessment,Bethany C. Karel,F,8:00 AM,8:50 AM,08/26/2026,12/11/2026,MAIN,FSC,268,,,,,,,
NURS 3320,B,3,Health Assessment,Pamela A Barthle,MW,9:00 AM,9:50 AM,08/26/2026,12/11/2026,MAIN,FSC,268,,,,,,,
NURS 3320,B,3,Health Assessment,Bethany C. Karel,F,9:00 AM,9:50 AM,08/26/2026,12/11/2026,MAIN,FSC,268,,,,,,,
NURS 3320,C,3,Health Assessment,Pamela A Barthle,MW,11:00 AM,11:50 AM,08/26/2026,12/11/2026,MAIN,FSC,268,,,,,,,
NURS 3320,C,3,Health Assessment,Bethany C. Karel,F,11:00 AM,11:50 AM,08/26/2026,12/11/2026,MAIN,FSC,268,,,,,,,
NURS 3330,A,3,Pharmacology,Emily A Menssen,MWF,11:00 AM,11:50 AM,08/26/2026,12/11/2026,MAIN,FSC,376,,,,,,,
NURS 3330,B,3,Pharmacology,Emily A Menssen,MWF,12:00 PM,12:50 PM,08/26/2026,12/11/2026,MAIN,FSC,376,,,,,,,
NURS 3611,A,0,Found Nrsg Practice II Clinical,Shonna L De Jager,T,6:00 AM,3:00 PM,08/26/2026,12/11/2026,MAIN,OFF,,,,,,,,
NURS 3611,B,0,Found Nrsg Practice II Clinical,Shonna L De Jager,T,6:00 AM,3:00 PM,08/26/2026,12/11/2026,MAIN,OFF,,,,,,,,
NURS 3611,C,0,Found Nrsg Practice II Clinical,Shonna L De Jager,T,6:00 AM,3:00 PM,08/26/2026,12/11/2026,MAIN,OFF,,,,,,,,
NURS 3611,D,0,Found Nrsg Practice II Clinical,Shonna L De Jager,T,6:00 AM,3:00 PM,08/26/2026,12/11/2026,MAIN,OFF,,,,,,,,
NURS 3611,E,0,Found Nrsg Practice II Clinical,Shonna L De Jager,T,6:00 AM,3:00 PM,08/26/2026,12/11/2026,MAIN,OFF,,,,,,,,
NURS 3611,F,0,Found Nrsg Practice II Clinical,Shonna L De Jager,T,6:00 AM,3:00 PM,08/26/2026,12/11/2026,MAIN,OFF,,,,,,,,
NURS 3611,G,0,Found Nrsg Practice II Clinical,Shonna L De Jager,T,6:00 AM,3:00 PM,08/26/2026,12/11/2026,MAIN,OFF,,,,,,,,
NURS 3611,H,0,Found Nrsg Practice II Clinical,Shonna L De Jager,R,6:00 AM,3:00 PM,08/26/2026,12/11/2026,MAIN,OFF,,,,,,,,
NURS 3611,I,0,Found Nrsg Practice II Clinical,Shonna L De Jager,R,6:00 AM,3:00 PM,08/26/2026,12/11/2026,MAIN,OFF,,,,,,,,
NURS 3611,J,0,Found Nrsg Practice II Clinical,Shonna L De Jager,R,6:00 AM,3:00 PM,08/26/2026,12/11/2026,MAIN,OFF,,,,,,,,
NURS 3611,K,0,Found Nrsg Practice II Clinical,Shonna L De Jager,R,6:00 AM,3:00 PM,08/26/2026,12/11/2026,MAIN,OFF,,,,,,,,
NURS 3611,L,0,Found Nrsg Practice II Clinical,Shonna L De Jager,R,6:00 AM,3:00 PM,08/26/2026,12/11/2026,MAIN,OFF,,,,,,,,
NURS 3611,M,0,Found Nrsg Practice II Clinical,Shonna L De Jager,R,6:00 AM,3:00 PM,08/26/2026,12/11/2026,MAIN,OFF,,,,,,,,
NURS 3611,N,0,Found Nrsg Practice II Clinical,Shonna L De Jager,R,6:00 AM,3:00 PM,08/26/2026,12/11/2026,MAIN,OFF,,,,,,,,
NURS 4010,I,4,Nursing & Health Care in the US,Ranae Aukerman,MW,1:00 PM,1:50 PM,08/26/2026,12/11/2026,MAIN,FSC,363,International Students,,,,,,
NURS 4030,I,3,Community&Population Health Nurs,Michelle Gierach,MWF,12:00 AM,12:00 AM,08/26/2026,12/11/2026,MAIN,ONLN,ONLN,International Students,,,,,,
NURS 4041,I,2,Adult Health Nursing II Intl Stu,Jody Serfling,MWF,12:00 AM,12:00 AM,08/26/2026,12/11/2026,MAIN,ONLN,ONLN,International Students,,,,,,
NURS 4430,A,4,Community&Population Health Nurs,Michelle Gierach,MWF,8:00 AM,8:50 AM,08/26/2026,12/11/2026,MAIN,FSC,272,,,,,,,
NURS 4430,B,4,Community&Population Health Nurs,Michelle Gierach,MWF,9:00 AM,9:50 AM,08/26/2026,12/11/2026,MAIN,FSC,272,,,,,,,
NURS 4441,A,4,Adult Health Nursing II,Jody Serfling,MW,12:00 PM,12:50 PM,08/26/2026,12/11/2026,MAIN,FSC,272,,,,,,,
NURS 4441,A,4,Adult Health Nursing II,Bethany C. Karel,F,12:00 PM,12:50 PM,08/26/2026,12/11/2026,MAIN,FSC,272,,,,,,,
NURS 4441,B,4,Adult Health Nursing II,Jody Serfling,MW,1:00 PM,1:50 PM,08/26/2026,12/11/2026,MAIN,FSC,272,,,,,,,
NURS 4441,B,4,Adult Health Nursing II,Bethany C. Karel,F,1:00 PM,1:50 PM,08/26/2026,12/11/2026,MAIN,FSC,272,,,,,,,
NURS 4441,C,4,Adult Health Nursing II,Jody Serfling,MW,2:00 PM,2:50 PM,08/26/2026,12/11/2026,MAIN,FSC,272,,,,,,,
NURS 4441,C,4,Adult Health Nursing II,Bethany C. Karel,F,2:00 PM,2:50 PM,08/26/2026,12/11/2026,MAIN,FSC,272,,,,,,,
NURS 4450,A,3,Rsrch&EvdncPractNurs(W)(E)(SI),Ranae Aukerman,MWF,11:00 AM,11:50 AM,08/26/2026,12/11/2026,MAIN,FSC,270,,"E, SI",Signature,Upper-Level Writing,,,
NURS 4450,B,3,Rsrch&EvdncPractNurs(W)(E)(SI),Ranae Aukerman,MWF,12:00 PM,12:50 PM,08/26/2026,12/11/2026,MAIN,FSC,268,,"E, SI",Signature,Upper-Level Writing,,,
NURS 4450,C,3,Rsrch&EvdncPractNurs(W)(E)(SI),Jill L Rye,MWF,11:00 AM,11:50 AM,08/26/2026,12/11/2026,MAIN,FSC,272,,"E, SI",Signature,Upper-Level Writing,,,
NURS 4461,A,4,Transition Ldrshp Prof Pract II,Jill L Rye,MWF,12:00 PM,12:50 PM,08/26/2026,12/11/2026,MAIN,FSC,264,,,,,,,
NURS 4470,A,1,NCLEX Review,Isabel Bosch,W,2:00 PM,2:50 PM,08/26/2026,12/11/2026,MAIN,FSC,264,,,,,,,
NURS 4530,I,2,Comm Health Nursing Clinical,Michelle Gierach,,12:00 AM,12:00 AM,08/26/2026,12/11/2026,MAIN,FSC,,International Students,,,,,,
NURS 4541,I,4,Intl Stud Clinical Practicum,Jody Serfling,,12:00 AM,12:00 AM,08/26/2026,12/11/2026,MAIN,OFF,,,,,,,,
NURS 4630,A,0,Comm Health Nursing Clinical,Anna K Tomhave,,12:00 AM,12:00 AM,08/26/2026,12/11/2026,MAIN,OFF,,,,,,,,
NURS 4630,B,0,Comm Health Nursing Clinical,Michelle Gierach,,12:00 AM,12:00 AM,08/26/2026,12/11/2026,MAIN,OFF,,,,,,,,
NURS 4641,A,0,Adult Health Nursing II Clinical,Jody Serfling,T,6:00 AM,4:00 PM,08/26/2026,12/11/2026,MAIN,OFF,,,,,,,,
NURS 4641,B,0,Adult Health Nursing II Clinical,Jody Serfling,T,6:00 AM,4:00 PM,08/26/2026,12/11/2026,MAIN,OFF,,,,,,,,
NURS 4641,C,0,Adult Health Nursing II Clinical,Jody Serfling,T,6:00 AM,4:00 PM,08/26/2026,12/11/2026,MAIN,OFF,,,,,,,,
NURS 4641,D,0,Adult Health Nursing II Clinical,Jody Serfling,T,6:00 AM,4:00 PM,08/26/2026,12/11/2026,MAIN,OFF,,,,,,,,
NURS 4641,E,0,Adult Health Nursing II Clinical,Jody Serfling,T,6:00 AM,4:00 PM,08/26/2026,12/11/2026,MAIN,OFF,,,,,,,,
NURS 4641,F,0,Adult Health Nursing II Clinical,Jody Serfling,T,6:00 AM,4:00 PM,08/26/2026,12/11/2026,MAIN,OFF,,,,,,,,
NURS 4641,G,0,Adult Health Nursing II Clinical,Jody Serfling,R,6:00 AM,4:00 PM,08/26/2026,12/11/2026,MAIN,OFF,,,,,,,,
NURS 4641,H,0,Adult Health Nursing II Clinical,Jody Serfling,R,6:00 AM,4:00 PM,08/26/2026,12/11/2026,MAIN,OFF,,,,,,,,
NURS 4641,I,0,Adult Health Nursing II Clinical,Jody Serfling,R,6:00 AM,4:00 PM,08/26/2026,12/11/2026,MAIN,OFF,,,,,,,,
NURS 4641,J,0,Adult Health Nursing II Clinical,Jody Serfling,R,6:00 AM,4:00 PM,08/26/2026,12/11/2026,MAIN,OFF,,,,,,,,
NURS 4641,K,0,Adult Health Nursing II Clinical,Jody Serfling,R,6:00 AM,4:00 PM,08/26/2026,12/11/2026,MAIN,OFF,,,,,,,,
NURS 4641,L,0,Adult Health Nursing II Clinical,Jody Serfling,R,6:00 AM,4:00 PM,08/26/2026,12/11/2026,MAIN,OFF,,,,,,,,
NURS 4661,A,0,Transition/Leadership Clinical,Jill L Rye,,12:00 AM,12:00 AM,08/26/2026,12/11/2026,MAIN,OFF,,,,,,,,
PHED 1119,A,1,Walking and Hiking,Kelly Wayne Scholten,TR,1:00 PM,2:40 PM,08/26/2026,10/09/2026,MAIN,ELMN,105,,WB,Foundational,,Well-Being,,
PHED 1120,A,1,Weight Training,Chase Cassady King,TR,1:00 PM,1:50 PM,08/26/2026,12/11/2026,MAIN,ELMN,233,,WB,Foundational,,Well-Being,,
PHED 1124,A,1,Fitness Jogging,Heather Marie Edmunds Reed,W,4:00 PM,4:50 PM,09/09/2026,11/04/2026,MAIN,LIBR,229,,WB,Foundational,,Well-Being,,
PHED 1124,A,1,Fitness Jogging,Heather Marie Edmunds Reed,W,4:00 PM,4:50 PM,09/09/2026,09/09/2026,MAIN,LIBR,229,,WB,Foundational,,Well-Being,,
PHED 1901,A,1,NCAA: Acro & Tumbling,Kaelyn A Dillon,,12:00 AM,12:00 AM,08/26/2026,12/11/2026,MAIN,OFF,,,WB,Foundational,,Well-Being,,
PHED 1902,A,1,NCAA: Baseball,Timothy Huber,,12:00 AM,12:00 AM,08/26/2026,12/11/2026,MAIN,OFF,,,WB,Foundational,,Well-Being,,
PHED 1903,A,1,NCAA: Basketball-Men,Cody Gene Schilling,,12:00 AM,12:00 AM,08/26/2026,12/11/2026,MAIN,OFF,,,WB,Foundational,,Well-Being,,
PHED 1904,A,1,NCAA: Basketball-Women,Nate Vogel,,12:00 AM,12:00 AM,08/26/2026,12/11/2026,MAIN,OFF,,,WB,Foundational,,Well-Being,,
PHED 1905,A,1,NCAA: Football,Jerry Olszewski,,12:00 AM,12:00 AM,08/26/2026,12/11/2026,MAIN,OFF,,,WB,Foundational,,Well-Being,,
PHED 1906,A,1,NCAA: Golf - Men,Kimberly D Miller,,12:00 AM,12:00 AM,08/26/2026,12/11/2026,MAIN,OFF,,,WB,Foundational,,Well-Being,,
PHED 1907,A,1,NCAA: Golf - Women,Kimberly D Miller,,12:00 AM,12:00 AM,08/26/2026,12/11/2026,MAIN,OFF,,,WB,Foundational,,Well-Being,,
PHED 1908,A,1,NCAA: Hockey,Brad Joseph Amundson,,12:00 AM,12:00 AM,08/26/2026,12/11/2026,MAIN,OFF,,,WB,Foundational,,Well-Being,,
PHED 1909,A,1,NCAA: Soccer-Women,Brandon Barkus,,12:00 AM,12:00 AM,08/26/2026,12/11/2026,MAIN,OFF,,,WB,Foundational,,Well-Being,,
PHED 1910,A,1,NCAA: Softball,Margretta L. Melsted-Van Schepen,,12:00 AM,12:00 AM,08/26/2026,12/11/2026,MAIN,OFF,,,WB,Foundational,,Well-Being,,
PHED 1911,A,1,NCAA: Swimming/Diving - Men,Andrew Patrick Makepeace,,12:00 AM,12:00 AM,08/26/2026,12/11/2026,MAIN,OFF,,,WB,Foundational,,Well-Being,,
PHED 1912,A,1,NCAA: Swimming/Diving - Women,Andrew Patrick Makepeace,,12:00 AM,12:00 AM,08/26/2026,12/11/2026,MAIN,OFF,,,WB,Foundational,,Well-Being,,
PHED 1913,A,1,NCAA: Tennis - Men,Kimberly D Miller,,12:00 AM,12:00 AM,08/26/2026,12/11/2026,MAIN,OFF,,,WB,Foundational,,Well-Being,,
PHED 1914,A,1,NCAA: Tennis - Women,Kimberly D Miller,,12:00 AM,12:00 AM,08/26/2026,12/11/2026,MAIN,OFF,,,WB,Foundational,,Well-Being,,
PHED 1915,A,1,NCAA: CrossCountry/Track - Men,Scott Daniel Tanis,,12:00 AM,12:00 AM,08/26/2026,12/11/2026,MAIN,OFF,,,WB,Foundational,,Well-Being,,
PHED 1916,A,1,NCAA: CrossCountry/Track - Women,Scott Daniel Tanis,,12:00 AM,12:00 AM,08/26/2026,12/11/2026,MAIN,OFF,,,WB,Foundational,,Well-Being,,
PHED 1917,A,1,NCAA: Volleyball,Jennifer K Jacobs,,12:00 AM,12:00 AM,08/26/2026,12/11/2026,MAIN,OFF,,,WB,Foundational,,Well-Being,,
PHED 1918,A,1,NCAA: Wrestling,Jason Allen Reitmeier,,12:00 AM,12:00 AM,08/26/2026,12/11/2026,MAIN,OFF,,,WB,Foundational,,Well-Being,,
PHED 1919,A,1,Spirit Team,Kimberly D Miller,,12:00 AM,12:00 AM,08/26/2026,12/11/2026,MAIN,OFF,,,WB,Foundational,,Well-Being,,
PHED 2000,A,1,First Aid & CPR,Zachary John Gillette,MWF,12:00 PM,12:50 PM,08/26/2026,10/09/2026,MAIN,ELMN,230,,,,,,,
PHED 2000,B,1,First Aid & CPR,Joshua Alan Klaassen,MWF,12:00 PM,12:50 PM,10/12/2026,12/11/2026,MAIN,ELMN,230,,,,,,,
PHED 2202,A,2,Theory of Coaching Basketball,Augustana Staff,MW,1:00 PM,1:50 PM,08/26/2026,12/11/2026,MAIN,ELMN,230,,,,,,,
PHED 2410,A,3,Prevention & Care of Athl Injuri,Brian T. Gerry,MWF,11:00 AM,11:50 AM,08/26/2026,12/11/2026,MAIN,ELMN,241,,,,,,,
PHED 3320,A,1,Outdoor Education,Augustana Staff,T,8:30 AM,9:50 AM,08/26/2026,12/11/2026,MAIN,OFF,,,,,,,,
PHED 3950,A,4,Internship,Shelby L Assmus,,12:00 AM,12:00 AM,08/26/2026,12/11/2026,MAIN,OFF,,,,Signature,Experiential Course,,,
PHED 4950,A,4,Internship,Shelby L Assmus,,12:00 AM,12:00 AM,08/26/2026,12/11/2026,MAIN,OFF,,,,Signature,Experiential Course,,,
PHIL 1100,A,3,How to Live Well,David L. O'Hara,MWF,2:00 PM,2:50 PM,08/26/2026,12/11/2026,MAIN,HUM,202,,"E, WB",Foundational,,Well-Being,,
PHIL 1210,A,3,Planetary Health,Julie Swanstrom,MWF,12:00 PM,12:50 PM,08/26/2026,12/11/2026,MAIN,HUM,226,,,Foundational,,CTOC,,
PHIL 2230,A,3,Ethics in America,Stephen Minister,MWF,1:00 PM,1:50 PM,08/26/2026,12/11/2026,MAIN,HUM,202,,"E, US",Selective,,Integrating Ideas,Ethical Reasoning,Information Literacy
PHIL 2310,A,3,Ancient & Medieval Philosophies,David L. O'Hara,MWF,12:00 PM,12:50 PM,08/26/2026,12/11/2026,MAIN,HUM,202,,"E, WT",Selective,,Reading the Human Record,Critical Reading,Ethical Reasoning
PHIL 3100,A,3,Environmental Philosophy,David L. O'Hara,MWF,9:00 AM,9:50 AM,08/26/2026,12/11/2026,MAIN,HUM,301,,"E, RT",Selective,,Integrating Ideas,Care for Community/World,Ethical Reasoning
PHYS 1510,A,4,Physics for Life Science I Lecture,Amy Bylsma Engebretson,TR,10:50 AM,12:05 PM,08/26/2026,12/11/2026,MAIN,FSC,376,,NS,Selective,,The Natural World,Analytical Reasoning,Quantitative Literacy
PHYS 1510,A,4,Physics for Life Science I Lecture,Amy Bylsma Engebretson,W,8:00 AM,9:50 AM,08/26/2026,12/11/2026,MAIN,FSC,353,,NS,Selective,,The Natural World,Analytical Reasoning,Quantitative Literacy
PHYS 1510,B,4,Physics for Life Science I Lecture,Amy Bylsma Engebretson,TR,10:50 AM,12:05 PM,08/26/2026,12/11/2026,MAIN,FSC,376,,NS,Selective,,The Natural World,Analytical Reasoning,Quantitative Literacy
PHYS 1510,B,4,Physics for Life Science I Lecture,Amy Bylsma Engebretson,W,10:40 AM,12:30 PM,08/26/2026,12/11/2026,MAIN,FSC,353,,NS,Selective,,The Natural World,Analytical Reasoning,Quantitative Literacy
PHYS 1610,A,4,General Physics I Lecture & Lab,Andrew Knight Alton,MWF,1:00 PM,1:50 PM,08/26/2026,12/11/2026,MAIN,FSC,371,,NS,Selective,,The Natural World,Analytical Reasoning,Quantitative Literacy
PHYS 1610,A,4,General Physics I Lecture & Lab,Andrew Knight Alton,R,10:50 AM,12:40 PM,08/26/2026,12/11/2026,MAIN,FSC,353,,NS,Selective,,The Natural World,Analytical Reasoning,Quantitative Literacy
PHYS 1620,A,4,General Physics II Lecture & Lab,Eric D. Wells,MWF,1:00 PM,1:50 PM,08/26/2026,12/11/2026,MAIN,FSC,376,,,,,,,
PHYS 1620,A,4,General Physics II Lecture & Lab,Eric D. Wells,T,10:50 AM,12:40 PM,08/26/2026,12/11/2026,MAIN,FSC,353,,,,,,,
PHYS 2600,A,3,Computational Physics,Andrew Knight Alton,MWF,8:00 AM,8:50 AM,08/26/2026,12/11/2026,MAIN,FSC,372,,,,,,,
PHYS 3601,A,3,Intermediate Laboratory,Eric D. Wells,T,1:00 PM,5:00 PM,08/26/2026,12/11/2026,MAIN,FSC,356,,,,,,,
PHYS 3601,A,3,Intermediate Laboratory,Eric D. Wells,R,2:00 PM,5:00 PM,08/26/2026,12/11/2026,MAIN,FSC,356,,,,,,,
PHYS 3650,A,3,Electromagnetic Theory,Eric D. Wells,MWF,2:00 PM,2:50 PM,08/26/2026,12/11/2026,MAIN,FSC,214,,,,,,,
PSYC 1005,A,3,General Psychology,Augustana Staff,MWF,12:00 PM,12:50 PM,08/26/2026,12/11/2026,MAIN,MC,253,,SS,Selective,,Human Beh & Soc Systems,Information Literacy,
PSYC 1005,B,3,General Psychology,Shannon K Proksch,MWF,1:00 PM,1:50 PM,08/26/2026,12/11/2026,MAIN,MC,153,,SS,Selective,,Human Beh & Soc Systems,Information Literacy,
PSYC 1005,C,3,General Psychology,Shannon K Proksch,MWF,2:00 PM,2:50 PM,08/26/2026,12/11/2026,MAIN,MC,153,,SS,Selective,,Human Beh & Soc Systems,Information Literacy,
PSYC 1120,A,3,Life-Span Human Development,Augustana Staff,MWF,12:00 PM,12:50 PM,08/26/2026,12/11/2026,MAIN,MC,264,,WB,Foundational,,Well-Being,,
PSYC 1120,B,3,Life-Span Human Development,Augustana Staff,MWF,1:00 PM,1:50 PM,08/26/2026,12/11/2026,MAIN,MC,253,,WB,Foundational,,Well-Being,,
PSYC 1120,C,3,Life-Span Human Development,Jacob Jeremiah Kunkel,TR,10:50 AM,12:05 PM,08/26/2026,12/11/2026,MAIN,MC,253,,WB,Foundational,,Well-Being,,
PSYC 1120,D,3,Life-Span Human Development,Jacob Jeremiah Kunkel,TR,12:15 PM,1:30 PM,08/26/2026,12/11/2026,MAIN,MC,253,,WB,Foundational,,Well-Being,,
PSYC 2060,A,4,Statistics,Benjamin Jeppsen,MTWR,8:00 AM,8:50 AM,08/26/2026,12/11/2026,MAIN,MC,1,,MT,Selective,,Reasoning Mathematically,Quantitative Literacy,
PSYC 2060,B,4,Statistics,Benjamin Jeppsen,MTWR,9:00 AM,9:50 AM,08/26/2026,12/11/2026,MAIN,MC,1,,MT,Selective,,Reasoning Mathematically,Quantitative Literacy,
PSYC 2062,A,4,Research Methods,Jacob Jeremiah Kunkel,MWF,9:00 AM,9:50 AM,08/26/2026,12/11/2026,MAIN,MC,157,,W,Signature,Upper-Level Writing,,,
PSYC 2130,A,3,Psychopathology,Celeste Michele Uthe-Burow,TR,8:00 AM,9:15 AM,08/26/2026,12/11/2026,MAIN,MC,255,,,,,,,
PSYC 2130,B,3,Psychopathology,Celeste Michele Uthe-Burow,TR,9:25 AM,10:40 AM,08/26/2026,12/11/2026,MAIN,MC,253,,,,,,,
PSYC 2140,A,3,Cognitive Psychology,Shannon K Proksch,MWF,9:00 AM,9:50 AM,08/26/2026,12/11/2026,MAIN,MC,102,,,,,,,
PSYC 2970,A,4,TOPICS: Play Therapy,Celeste Michele Uthe-Burow,TR,1:40 PM,2:55 PM,08/26/2026,12/11/2026,MAIN,MC,253,,,,,,,
PSYC 3130,A,4,Counseling & Psychotherapy,Benjamin Jeppsen,TR,1:00 PM,2:50 PM,08/26/2026,12/11/2026,MAIN,MC,201,,,,,,,
PSYC 4000,A,3,Senior Seminar,Anne Zell,TR,10:50 AM,12:05 PM,08/26/2026,12/11/2026,MAIN,MC,157,,,Signature,Experiential Course,,,
PSYC 4000,B,3,Senior Seminar,Anne Zell,TR,12:15 PM,1:30 PM,08/26/2026,12/11/2026,MAIN,MC,157,,,Signature,Experiential Course,,,
PSYC 4550,A,3,Positive Psychology,Anne Zell,TR,9:25 AM,10:40 AM,08/26/2026,12/11/2026,MAIN,MC,157,,,,,,,
RELI 1100,A,3,Exploring Christian Faith,Hans Abdiel Harmakaputra,TR,9:25 AM,10:40 AM,08/26/2026,12/11/2026,MAIN,HUM,201,,CT,Foundational,,Christian Traditions,,
RELI 1100,B,3,Exploring Christian Faith,Xenia Chan,TR,1:40 PM,2:55 PM,08/26/2026,12/11/2026,MAIN,HUM,201,,CT,Foundational,,Christian Traditions,,
RELI 1100,C,3,Exploring Christian Faith,Arminta M Fox,MWF,12:00 PM,12:50 PM,08/26/2026,12/11/2026,MAIN,HUM,201,,CT,Foundational,,Christian Traditions,,
RELI 1100,D,3,Exploring Christian Faith,Sarah Susan Eckert,TR,8:00 AM,9:15 AM,08/26/2026,12/11/2026,MAIN,HUM,301,,CT,Foundational,,Christian Traditions,,
RELI 1100,E,3,Exploring Christian Faith,Sarah Susan Eckert,TR,9:25 AM,10:40 AM,08/26/2026,12/11/2026,MAIN,HUM,301,,CT,Foundational,,Christian Traditions,,
RELI 1100,F,3,Exploring Christian Faith,Xenia Chan,TR,12:15 PM,1:30 PM,08/26/2026,12/11/2026,MAIN,HUM,201,,CT,Foundational,,Christian Traditions,,
RELI 1100,G,3,Exploring Christian Faith,John Edward Anderson,,12:00 AM,12:00 AM,08/26/2026,12/11/2026,MAIN,OFF,ONLN,Online,CT,Foundational,,Christian Traditions,,
RELI 1100,H,3,Exploring Christian Faith,John Edward Anderson,,12:00 AM,12:00 AM,08/26/2026,12/11/2026,MAIN,OFF,ONLN,Online,CT,Foundational,,Christian Traditions,,
RELI 2100,A,3,"World Christianity: Histories, Move",Hans Abdiel Harmakaputra,MWF,8:00 AM,8:50 AM,08/26/2026,12/11/2026,MAIN,HUM,201,,CT,Foundational,,Christian Traditions,,
RELI 2280,A,3,Pop Christianities ,Julie Swanstrom,MWF,1:00 PM,1:50 PM,08/26/2026,12/11/2026,MAIN,HUM,226,,CT,Foundational,,Christian Traditions,,
RELI 2410,A,3,"Gender, Sexuality, & Religion",Arminta M Fox,MWF,8:00 AM,8:50 AM,08/26/2026,12/11/2026,MAIN,HUM,202,,"E, RT",Selective,,Reading the Human Record,Ethical Reasoning,Informed Engagement
RELI 2440,A,3,"Religion, Medicine, and Ethics",Julie Swanstrom,T,6:30 PM,9:30 PM,08/26/2026,12/11/2026,MAIN,HUM,201,,"E, RT",Selective,,Integrating Ideas,Ethical Reasoning,Informed Engagement
RELI 2510,A,3,Islam & Christianity,Hans Abdiel Harmakaputra,MWF,9:00 AM,9:50 AM,08/26/2026,12/11/2026,MAIN,HUM,201,,"E, RT",Selective,,Human Beh & Soc Systems,Ethical Reasoning,Informed Engagement
RELI 2730,A,3,Evangelicalisms,Xenia Chan,TR,10:50 AM,12:05 PM,08/26/2026,12/11/2026,MAIN,HUM,201,,"E, RT",Foundational,,Christian Traditions,,
SCIW 4000,A,1,Science Writing Capstone,Jeffrey S Miller,,12:00 AM,12:00 AM,08/26/2026,12/11/2026,MAIN,,,,,Signature,Experiential Course,,,
SLIN 2100,A,2,Introduction to Interpreting,Carmen Joy Steen,MW,12:00 PM,12:50 PM,08/26/2026,12/11/2026,MAIN,MC,257,,E,,,,,
SLIN 3100,A,3,Interpretation I,Mychal Joseph Hadrich,TR,9:25 AM,10:40 AM,08/26/2026,12/11/2026,MAIN,MC,254,,W,Signature,Upper-Level Writing,,,
SLIN 4200,A,3,Amer Sign Language to English II,Carmen Joy Steen,MW,8:00 AM,9:15 AM,08/26/2026,12/11/2026,MAIN,MC,254,,,,,,,
SLIN 4210,A,3,English to Amer Sign Language II,Mychal Joseph Hadrich,TR,8:00 AM,9:15 AM,08/26/2026,12/11/2026,MAIN,MC,254,,,,,,,
SLIN 4941,A,1,Interpreting Practicum,Carmen Joy Steen,,12:00 AM,12:00 AM,08/26/2026,12/11/2026,MAIN,OFF,OFF,,,Signature,Experiential Course,,,
SOCI 1000,A,3,Contemporary Society,David Everson,TR,9:25 AM,10:40 AM,08/26/2026,12/11/2026,MAIN,MC,255,,SS,Selective,,Human Beh & Soc Systems,Analytical Reasoning,Care for Community/World
SOCI 1000,B,3,Contemporary Society,David Everson,TR,12:15 PM,1:30 PM,08/26/2026,12/11/2026,MAIN,MC,255,,SS,Selective,,Human Beh & Soc Systems,Analytical Reasoning,Care for Community/World
SOCI 1000,C,3,Contemporary Society,Spencier R. Ciaralli,MWF,1:00 PM,1:50 PM,08/26/2026,12/11/2026,MAIN,MC,201,,SS,Selective,,Human Beh & Soc Systems,Analytical Reasoning,Care for Community/World
SOCI 1000,D,3,Contemporary Society,Stacy Sanders,MWF,12:00 PM,12:50 PM,08/26/2026,12/11/2026,MAIN,HUM,331,,SS,Selective,,Human Beh & Soc Systems,Analytical Reasoning,Care for Community/World
SOCI 2150,A,3,"Gender, Sex and Sexuality",Spencier R. Ciaralli,MWF,12:00 PM,12:50 PM,08/26/2026,12/11/2026,MAIN,MC,101,,,,,,,
SOCI 2400,A,3,Medical Sociology,Spencier R. Ciaralli,MWF,2:00 PM,2:50 PM,08/26/2026,12/11/2026,MAIN,MC,201,,,Selective,,Integrating Ideas,Care for Community/World,Information Literacy
SOCI 2970,A,3,TOPICS: Environmental Sociology,David Everson,TR,1:40 PM,2:55 PM,08/26/2026,12/11/2026,MAIN,CWS,108,,,,,,,
SOCI 4060,A,4,Sociological Theory,William J. Swart,TR,11:00 AM,12:50 PM,08/26/2026,12/11/2026,MAIN,HUM,103,,,,,,,
SOWK 1200,A,3,Introduction to Social Work,Jay M Marchand,MWF,12:00 PM,12:50 PM,08/26/2026,12/11/2026,MAIN,MC,157,,,Selective,,Human Beh & Soc Systems,Civic Knowledge,
SOWK 3070,A,3,Social Welfare Policy,Judy A. Zimbelman,TR,1:40 PM,2:55 PM,08/26/2026,12/11/2026,MAIN,MC,157,,,,,,,
SOWK 3400,A,3,HumanBehaviorSocialEnvironment1,Sarah Maria Vining,TR,12:15 PM,1:30 PM,08/26/2026,12/11/2026,MAIN,MC,257,,SS,Selective,,Integrating Ideas,Analytical Reasoning,
SOWK 4500,A,3,Practice I,Jay M Marchand,MWF,1:00 PM,1:50 PM,08/26/2026,12/11/2026,MAIN,MC,157,,,,,,,
SOWK 4940,A,3,Field Practicum I,Sarah Maria Vining,,12:00 AM,12:00 AM,08/26/2026,12/11/2026,MAIN,OFF,OFF,,,Signature,Experiential Course,,,
SOWK 4960,A,3,Field Seminar I,Sarah Maria Vining,T,6:00 PM,8:30 PM,08/26/2026,12/11/2026,MAIN,MC,253,,,,,,,
SOWK 5070,A,3,Social Welfare Policy,Michelle Proctor,,12:00 AM,12:00 AM,08/26/2026,12/11/2026,MAIN,OFF,ONLN,,,,,,,
SOWK 5400,A,3,Human Behavior/Social Enviro I,Augustana Staff,W,6:00 PM,8:30 PM,08/26/2026,12/11/2026,MAIN,MC,257,,,,,,,
SOWK 5400,B,3,Human Behavior/Social Enviro I,Heather Leigh El-Khoury,,12:00 AM,12:00 AM,08/26/2026,12/11/2026,MAIN,OFF,ONLN,,,,,,,
SOWK 5500,A,3,Practice I-Individuals,Augustana Staff,W,6:00 PM,8:30 PM,08/26/2026,12/11/2026,MAIN,MC,157,,,,,,,
SOWK 5500,B,3,Practice I-Individuals,Jay M Marchand,,12:00 AM,12:00 AM,08/26/2026,12/11/2026,MAIN,OFF,ONLN,,,,,,,
SOWK 5940,A,4,Field Practicum I,Heather Leigh El-Khoury,,12:00 AM,12:00 AM,08/26/2026,12/11/2026,MAIN,OFF,OFF,,,,,,,
SOWK 6060,A,3,Clinical Assessment & Diagnosis,Bart W. Miles,M,6:00 PM,8:30 PM,08/26/2026,12/11/2026,MAIN,MC,257,,,,,,,
SOWK 6060,B,3,Clinical Assessment & Diagnosis,Augustana Staff,,12:00 AM,12:00 AM,08/26/2026,12/11/2026,MAIN,OFF,ONLN,,,,,,,
SOWK 6250,A,3,Integrated Hlth Policy & Service,Dawn Eckhoff,,12:00 AM,12:00 AM,08/26/2026,12/11/2026,MAIN,OFF,ONLN,,,,,,,
SOWK 6500,A,3,Advanced Clinical Practice I-Ind,Sara K Bennetts,M,6:00 PM,8:30 PM,08/26/2026,12/11/2026,MAIN,MC,255,,,,,,,
SOWK 6500,B,3,Advanced Clinical Practice I-Ind,Augustana Staff,,12:00 AM,12:00 AM,08/26/2026,12/11/2026,MAIN,OFF,ONLN,,,,,,,
SOWK 6700,A,3,Foundations of Play Therapy,Emily Gislason,,12:00 AM,12:00 AM,08/26/2026,12/11/2026,MAIN,OFF,ONLN,,,,,,,
SOWK 6730,A,3,Filial Therapy,Emily Gislason,,12:00 AM,12:00 AM,08/26/2026,12/11/2026,MAIN,OFF,ONLN,Online,,,,,,
SOWK 6810,A,3,Multicultural Competencies,Sara K Bennetts,,12:00 AM,12:00 AM,08/26/2026,12/11/2026,MAIN,OFF,ONLN,,,,,,,
SOWK 6820,A,3,"Legal, Ethical, Prof. Standards of",Sara K Bennetts,,12:00 AM,12:00 AM,08/26/2026,12/11/2026,MAIN,OFF,ONLN,,,,,,,
SOWK 6830,A,3,Case Mgmt & Co-Occuring Disorder,Sara K Bennetts,,12:00 AM,12:00 AM,08/26/2026,12/11/2026,MAIN,OFF,ONLN,,,,,,,
SOWK 6940,A,3,Advanced Field Practicum I,Augustana Staff,,12:00 AM,12:00 AM,08/26/2026,12/11/2026,MAIN,OFF,OFF,,,,,,,
SPAL 5780,A,3,Sports Law and Compliance,Scott James Schmidt,MWF,1:00 PM,1:50 PM,10/15/2026,12/11/2026,MAIN,ELMN,230,,,,,,,
SPAL 6610,A,3,Success in Coaching,Margretta L. Melsted-Van Schepen,TR,8:00 AM,9:15 AM,08/26/2026,10/09/2026,MAIN,ELMN,241,,,,,,,
SPAL 6700,A,3,Advanced Sports Management,Scott James Schmidt,MWF,12:00 PM,12:50 PM,10/15/2026,12/11/2026,MAIN,MC,102,,,,,,,
SPAL 6950,A,3,Internship,Matthew Willard,,12:00 AM,12:00 AM,08/26/2026,12/11/2026,MAIN,OFF,,,,,,,,
SPAN 1101,A,3,Intro to Spanish I,Monica Cano Conover,MW,6:15 PM,7:37 PM,08/26/2026,12/11/2026,MAIN,HUM,301,,L1,,,,,
SPAN 1101,B,3,Intro to Spanish I,Monica Cano Conover,TR,6:15 PM,7:37 PM,08/26/2026,12/11/2026,MAIN,HUM,301,,L1,,,,,
SPAN 1101,C,3,Intro to Spanish I,Cari Lee Eastman,TR,10:50 AM,12:05 PM,08/26/2026,12/11/2026,MAIN,HUM,325,,L1,,,,,
SPAN 1101,D,3,Intro to Spanish I,Cari Lee Eastman,TR,12:15 PM,1:30 PM,08/26/2026,12/11/2026,MAIN,HUM,325,,L1,,,,,
SPAN 1101,E,3,Intro to Spanish I,Olimpia Justice,MWF,8:00 AM,8:50 AM,08/26/2026,12/11/2026,MAIN,HUM,325,,L1,,,,,
SPAN 1101,F,3,Intro to Spanish I,Olimpia Justice,MWF,9:00 AM,9:50 AM,08/26/2026,12/11/2026,MAIN,HUM,325,,L1,,,,,
SPAN 2103,A,4,Intermediate Spanish I,Michael Rueter,MWF,8:40 AM,9:50 AM,08/26/2026,12/11/2026,MAIN,HUM,319,,,,,,,
SPAN 2103,B,4,Intermediate Spanish I,Pilar Cabrera Fonte,MWF,2:00 PM,3:10 PM,08/26/2026,12/11/2026,MAIN,HUM,325,,,,,,,
SPAN 2120,A,4,Spanish Convstn & Comp I,Pilar Cabrera Fonte,MWF,8:40 AM,9:50 AM,08/26/2026,12/11/2026,MAIN,HUM,103,,W,Signature,Upper-Level Writing,,,
SPAN 2130,A,4,Spanish Conv & Comp II,Michael Rueter,MWF,10:40 AM,11:50 AM,08/26/2026,12/11/2026,MAIN,HUM,302,,W,Signature,Upper-Level Writing,,,
SPED 1100,A,3,Intro to Special Education,Krislyn J. Carlson,TR,10:50 AM,12:05 PM,08/26/2026,12/11/2026,MAIN,MC,102,,,,,,,
SPED 1100,B,3,Intro to Special Education,Krislyn J. Carlson,TR,1:40 PM,2:55 PM,08/26/2026,12/11/2026,MAIN,MC,257,,,,,,,
SPED 2120,A,3,Seminar in Special Education,Lindsey Wyatt,TR,12:15 PM,1:30 PM,08/26/2026,12/11/2026,MAIN,MC,164,,,,,,,
SPED 3320,A,3,Assessment in SPED,Krislyn J. Carlson,TR,9:25 AM,10:40 AM,08/26/2026,12/11/2026,MAIN,MC,161,,,,,,,
SPED 4941,A,16,Student Teach: Special Education,Raybecca Fiala,,12:00 AM,12:00 AM,08/26/2026,12/11/2026,MAIN,OFF,OFF,,,Signature,Experiential Course,,,
SPED 6000,A,0,Admitted to MEd SPED Program,,,12:00 AM,12:00 AM,08/26/2026,12/11/2026,MAIN,OFF,,,,,,,,
SPED 6010,A,3,Intro to Graduate Research,Brad Michael Uhing,,12:00 AM,12:00 AM,08/26/2026,10/14/2026,MAIN,OFF,ONLN,,,,,,,
SPED 6900,A,3,Research Synthesis Project,Michael Wayne Amolins,,12:00 AM,12:00 AM,08/26/2026,12/11/2026,MAIN,OFF,ONLN,,,,,,,
SPMG 1700,A,3,Intro to Sports Management,Hunter Rud,MWF,11:00 AM,11:50 AM,08/26/2026,12/11/2026,MAIN,MC,253,,,,,,,
SPMG 3950,A,4,Internship: Sports Management I,Matthew Willard,,12:00 AM,12:00 AM,08/26/2026,12/11/2026,MAIN,OFF,,,,Signature,Experiential Course,,,
SPMG 4950,A,4,Internship: Sports Management II,Matthew Willard,,12:00 AM,12:00 AM,08/26/2026,12/11/2026,MAIN,OFF,,,W,Signature,"Experiential Course, Upper-Level Writing",,,
STCO 3400,A,3,Theory & Tech Strength & Condt I,Shelby L Assmus,TR,10:50 AM,12:05 PM,08/26/2026,12/11/2026,MAIN,MIDCO,178,,,,,,,
STCO 4955,A,6,Field Experience,Andrea Kay Powell,,12:00 AM,12:00 AM,08/26/2026,12/11/2026,MAIN,OFF,,,,,,,,
THEA 1210,A,3,Stagecraft,Jacee Lynn Casarella,TR,9:25 AM,10:40 AM,08/26/2026,12/11/2026,MAIN,EMC,207,,,,,,,
THEA 1521,A,3,Acting I,Jayna Fitzsimmons,TR,10:50 AM,12:05 PM,08/26/2026,12/11/2026,MAIN,EMC,207,,A,Selective,,Engaging the Arts,Creative Thinking,
THEA 1941,A,1,Theatre Backstage Practicum,Jacee Lynn Casarella,W,7:00 PM,9:30 PM,08/26/2026,12/11/2026,MAIN,EMC,207,,,,,,,
THEA 1942,A,1,Theatre Performance Practicum,Jayna Fitzsimmons,,12:00 AM,12:00 AM,08/26/2026,12/11/2026,MAIN,EMC,207,,,,,,,
THEA 1943,A,1,Theatre Perf Lead Role,Jayna Fitzsimmons,,12:00 AM,12:00 AM,08/26/2026,12/11/2026,MAIN,EMC,207,,,,,,,
THEA 2451,A,3,Theatre History & Lit I,Jayna Fitzsimmons,MWF,1:00 PM,1:50 PM,08/26/2026,12/11/2026,MAIN,HUM,103,,WT,Selective,,Reading the Human Record,Critical Reading,Cross-Cultural Literacy
THEA 3310,A,3,Directing II,Daniel J. Workman,TR,10:50 AM,12:05 PM,08/26/2026,12/11/2026,MAIN,EMC,203,,,,,,,
THEA 3950,A,4,Internship,,,,,,,,OFF,OFF,,,Signature,Experiential Course,,,
THEA 4000,A,1,Senior Seminar,Jacee Lynn Casarella,,12:00 AM,12:00 AM,08/26/2026,12/11/2026,MAIN,EMC,200C,,,Signature,Experiential Course,,,